,g1,g2,g3,g4,g6,g7,g8,cluster
E424_17,1.5529931533672636,0.8460898096308004,0.0074962944628607,0.0046442565039265,0.012223903426621,0.0669533350467282,1.4946542967792928,0
E3829_15,1.417275126502567,1.0197159948293524,0.011825484504845,0.0051781082712268,0.0500296637751665,0.0002366682927675,1.6428692957834503,0
E673_444,1.1133296518117737,0.4147270898623239,0.6252400829824092,0.3772629277306365,0.0040722414728957,0.1565526016567754,1.6918578710813132,0
E2446_52,2.0863221441360524,1.4283006749231857,0.0007604052372279,0.0421044071464115,0.0392888877165194,0.0228075442015633,1.4483676109830796,0
E3217_5,1.4492048316826571,0.6974118345429388,0.0468747763066629,0.008813633906012,0.0308657161089257,0.0215208746377967,0.7823412124397136,0
E1711_25,1.571499512913686,1.1626788328529265,0.0019877921476014,0.0043405268476666,0.0173936629675385,0.0793914029930391,1.4292463711530536,0
E1178_35,1.882278646253875,0.976414468640704,0.0001949997574061,0.0167982861085284,0.0089438015191667,0.0090848577328372,1.7383109493978497,0
E638_34,2.4042758277701464,0.6601164196944289,0.0152354087878865,0.034346604348928,0.0019430082726461,0.0015985503001632,1.6377989677976927,0
E4322_18,1.936922546325232,1.3202764576473498,0.0016089349889481,0.0156212528155907,0.0005947256313233,0.0100446467969004,1.7701820836099151,0
E4975_46,1.5282714927751375,1.2909374717513036,0.0179193942090475,0.0030784470662911,0.0048477394794539,0.0388407862851816,1.8916463088755544,0
E3247_12,2.079133778302708,0.6558049224829093,0.0024319024604366,0.0523586637598634,0.0042781429491577,0.0308696749507645,1.3936489871488669,0
E1193_8,1.5587264644869725,0.8277451883834128,0.0342483736967211,0.0038734675167967,0.013055675767188,0.0267572472371729,1.1509069655248203,0
E3866_25,1.3513173394898883,1.259769829053354,0.0242801864387222,0.0275924950144682,0.0075161827042696,0.041105692772211,2.067049326741308,0
E3643_18,1.6312547946177645,0.5294434071277644,0.0098412223136532,0.0008987147373607,0.0085621560574003,0.0007413810640424,1.8116875183550207,0
E4972_42,1.3869722705882357,1.0499514836043058,0.0024826654277586,0.0039883183340139,0.000487002062067,0.0013097832880066,1.6177735899420351,0
E553_17,1.6229359451398997,1.080964682154444,0.0103976435331883,0.0129812988389907,0.0005279826896526,0.0028025772169098,1.6714917465718735,0
E2360_18,1.3476180161382731,1.3474419926978336,0.0046402621442786,0.0044657830202135,0.0016592470834992,0.0303555501873598,1.6292980997781092,0
E3937_15,1.97827316912782,0.7057898911922738,0.0085749388941508,0.0125832125691756,0.0004363592833739,0.0242804134912577,1.7413061544930095,0
E4864_13,2.130661207855151,0.8250147156226899,0.0071373101123142,0.0271681715196625,0.0018067880822255,0.0167697269417958,1.4882873055753585,0
E1262_1,1.142006562675419,0.1097567740444791,0.0203323742536703,0.0175757567062399,0.0106069088846975,0.0146889814721274,0.23316719054323,0
E866_3,1.5111748212114469,0.248111041219862,0.0418887392123069,0.0107475589496122,0.0061501554567164,0.000638048061515,0.4412832234580035,0
E452_25,1.6573826792390416,1.632124373342327,0.0086779123714459,0.0157509560465581,0.0329905229904061,0.0186014243531612,1.2538025103043808,0
E778_4,1.635891211067838,0.3085804705338422,0.0682955593333965,0.0123112010355425,0.0021209160142807,0.0219866403237915,0.5735144219697612,0
E3506_39,1.6786568271332016,1.2244755415451034,0.045487288628873,0.0027609895638849,0.0016578926841707,0.002620001468975,1.7221059459831745,0
E959_20,1.6746324443120064,0.8492689709661809,0.0048545953620788,0.0021997229222456,0.0066570570008506,0.0197359442190818,1.888416975362352,0
E1988_34,2.4505899399433786,1.0412173765813322,0.0032563065959781,0.0220489573821074,0.0034840343015428,0.0022138095893049,1.446576188763924,0
E1688_7,1.9064984220030217,0.8109948781514011,0.005201193455552,0.0044820205440061,0.0463002041119301,0.0250770169367108,0.8693737676471175,0
E4638_13,1.9592277437604573,0.6790820751225949,0.0065956853788611,0.0077197607214275,0.0028659225005938,0.0191521106458501,1.0909378277440185,0
E1385_34,1.7070467176465784,0.6151789526935312,0.0159869531819556,0.0184656332628823,0.0832219507807577,0.1297084541485284,1.3231526062500052,0
E856_38,1.4046005986639991,0.8673869033706402,0.0029961389432835,0.0076892839734693,0.0354580789455932,0.0061459617113129,1.6461028486135545,0
E3448_9,1.5296219590104128,0.7795751138746834,0.0044700333932591,0.0058362267304836,0.0733249282294069,0.0077533002270761,0.9199375252446848,0
E4299_10,1.348368969743115,0.9467979201192824,0.0100728637806204,0.0223510686888215,0.0054882328494238,0.0045114858064151,1.2319620459595029,0
E4526_9,1.906863855723517,0.5502803543379204,0.0132811803471371,0.0323903488986052,0.0153228003097809,0.0240260731865298,1.297588032829183,0
E1717_41,1.8813183579389687,0.2934108875875227,0.0673292892384061,0.0019206140584243,0.0064259805928089,0.0063446713942098,2.0252656974679235,0
E614_11,1.5271918716613038,0.8442854568835894,0.0228335149193996,0.0144403149372117,0.0038848309176462,0.0023652868253754,1.1992482219380685,0
E1405_19,1.3372326576499949,0.6688287203943635,0.0018372281755027,0.0678871215910867,0.0001508357353927,0.0296054685315449,1.5832089152524125,0
E3460_8,1.38356310158875,0.417832542327779,0.0923382069433694,0.0141009303251163,0.0287175568328177,0.008999471747648,0.9780102735999848,0
E3548_11,1.4160563639978847,0.6851554202791902,0.0008601124067233,0.0047700394526461,0.0344029634617887,0.0008747389986951,1.6435438812471106,0
E1975_8,1.6919731694222917,0.6580041380096301,0.0291370624929064,0.0005793220152268,0.0001061364087053,0.0022363905263572,1.2117747560925152,0
E4496_6,1.5625720185488103,0.7393381299122376,0.0074107091941468,0.0012105588371043,0.0064034347105442,0.0085280070141245,0.900009203255434,0
E1237_3,1.1011045962532136,0.3365929323457252,0.0273555825929392,0.0008891237675135,0.0183410733242021,0.0072729952583934,0.5309200278354843,0
E1129_8,1.9134592673709367,0.8869897945431809,0.0014604938772156,0.0416913528716228,0.0417760701843348,0.0325272632164285,1.0790367272265295,0
E777_42,2.0754541644712643,0.6126545730589927,0.0196004053478312,0.1212686765559298,0.0118781393045167,0.0030863952048701,1.790469248705638,0
E604_36,1.5453512617146452,1.2535294617306598,0.0068734180382034,0.0065868923366334,0.0016769833821671,0.0032356446570474,1.1753860669107237,0
E1837_11,1.8157225572910047,0.2339222237536673,0.0151473862834961,0.0048098920431631,0.041544584126745,0.00282366754253,1.3976653870917246,0
E2097_63,2.5438156646778705,1.1342948507606607,0.0609222245702372,0.0066528299143602,0.0235334862630814,0.024891076026438,1.742416522815877,0
E4019_19,1.924501724863113,0.8869978234944244,0.0343920731468807,0.0237952208625435,0.0009773760224163,0.0128748114758,1.4753343848566505,0
E1784_15,1.6759447752509706,0.8946389739844957,0.0080734991397282,0.0026141535516982,0.0177582907586651,0.1331975830450672,1.5374992072469027,0
E438_36,2.107109114504419,0.7029841032266508,0.0114374786828482,0.0094210377469808,0.0169434427199041,0.0222760117375534,1.978563383188629,0
E2297_15,1.8026482150462173,0.8341605600050969,0.0520076467410892,0.0370281394402479,0.0207069402251697,0.0247913243548203,1.5629114592446465,0
E2147_34,2.0264876649038337,1.4313382915649828,0.007032104009445,0.001706834610014,0.0013024353437199,0.0023074880143694,1.339099978896244,0
E3291_26,1.5689054163689873,1.2812171326479231,0.0264635671708257,0.0220331143685836,0.001170968058725,0.0022563853618023,1.680789112701896,0
E968_11,2.100851021694881,0.9471786059680536,0.0002054743742872,0.0004812558248089,0.0474104828928421,0.0801974126978224,1.7872291804433296,0
E601_17,2.0263212466776253,0.7920109381522741,0.0042013479643483,0.0350325216669249,0.0047010723547602,0.0001535465430296,1.3054558306283115,0
E2003_123,1.7871420177374175,0.9890289394863114,0.0474712217543118,0.0081037429081346,0.0070013470744589,0.0006952229658934,2.3621547515489087,0
E4158_5,1.3694672294767696,0.3681880669063975,0.0086599276577368,0.0468527487702374,0.0046024662197753,0.0032912349994739,0.7751057804531519,0
E2025_28,2.000356211649988,0.927669733163222,0.0190753986337386,0.0023596997530987,0.0209266404432802,0.0335681297129127,1.7798669551678865,0
E4451_23,2.2431460025073564,0.6101246211815318,0.0179356664514534,0.0235810139917242,0.001853271339883,0.0021692304949769,1.795033295186422,0
E4654_12,1.5125458877203812,0.3941436043273419,0.0008129333306574,0.0276218584072774,0.0041947600435753,0.0183607470461117,2.09448287524341,0
E1256_41,1.276653462934366,1.4317114413355507,0.0065335178788031,0.0669995423712225,0.0123703460364145,0.0126402382548272,1.6451460700395972,0
E1763_1,1.0553594919195706,0.1075455920319073,0.0175419236194516,0.0105369389181104,0.0210365302284745,0.0169568849482267,0.2085936071985062,0
E3902_61,1.7665182943528033,1.0795285741664058,0.2540378530786528,0.0065315730062955,0.0250272211680831,0.0054087470938016,2.198737746371296,0
E284_22,1.7533934285561847,1.2839551849640942,0.006636317459683,0.0233425734992139,0.0223398567135021,0.0122143000279329,1.2939093572985083,0
E4503_20,1.9493409410412967,1.001619670931921,0.0410985941470962,0.0122224833542788,0.0091381177805721,0.0007566282423302,1.2279278296292144,0
E1076_38,1.8459247317672216,0.4467296477719094,0.0336358646099947,0.0202897268218337,0.0117401379798942,0.0520487583672371,1.5748193554630838,0
E179_70,1.8973565428999868,1.218847402223962,0.0398651012660252,0.0287307717892043,0.1020401288452277,0.0029527629465851,1.6296683150659868,0
E2161_2,1.3945356443945758,0.1807133230443388,0.0165827255610577,0.0045816726967935,0.0035921084448027,0.0022788010895417,0.3584544165020705,0
E229_62,2.039587868291667,1.1364601642522791,0.0109306682734129,0.000714999526215,0.0184532848748262,0.0161754576648469,1.8242317599638709,0
E3778_1,0.9911362360640528,0.1256429012323842,0.0076716237550495,0.0207133355511608,0.0071055833026716,0.004237845115589,0.2182993921622741,0
E979_16,2.223721004940228,0.9949928039051932,0.0010973876817699,0.0125554259916648,0.0044662602303104,0.0352056477128037,1.883873123630285,0
E3875_19,2.083630936020165,1.42821936753393,0.0061102597499765,0.0232011844504626,0.004546709068672,0.0072468378655912,1.326146907741213,0
E808_4,1.2152743238229886,0.4306694618351013,0.0119320083444581,0.0011315018731106,0.0031095800981802,0.0492883978992431,0.495858468740643,0
E1115_14,1.7680146012966005,1.096294209732347,0.0082454380305474,0.0152780193190058,0.0051717870959752,9.316276636988675e-05,1.71211582542647,0
E4331_26,1.7534311701450151,0.7103542185315088,0.0681511042194148,0.0107673401626493,0.0399922992264016,0.0123222215875685,2.302330051065009,0
E453_28,2.6313206320585403,0.4801024937731806,0.0375865968339947,0.02114959788977,0.043078622763942,0.0039147339375911,1.578317939706561,0
E1021_11,1.7251499687223313,1.1004134151614833,0.0240873967653484,0.0109361138821453,0.0158325802826194,0.0372707148019014,1.3821063126168034,0
E278_32,1.7441266130050763,1.0391710789715058,0.011193699472278,0.208578225526825,0.0544501215191953,0.0204116385915889,1.8295304997435384,0
E1619_98,1.9068365673704613,0.324416600256172,0.0257938101312713,0.0292701734259527,0.0724074879923767,0.0424939924565603,1.5428157635284383,0
E2501_6,2.124832442410653,0.4967223693997174,0.0283515360557076,0.0005425359304075,0.0298375926694219,0.0010495728485943,0.8845104606742825,0
E2345_27,1.4557840563561808,1.1859897638343868,0.0007480362741937,0.1490982697633256,0.0215063645764697,0.0212313605434472,2.1700716463191307,0
E983_31,1.7049620846315712,0.6976725973727248,0.0065611909146135,0.0332073459431086,0.0289715126704804,0.0769491524655087,1.5349143454110377,0
E3044_3,1.1803391206308491,0.2874673421796853,0.0324705919631194,0.0156828023476785,0.0063812334392319,0.0228711089034983,0.5418107370005517,0
E2769_17,1.9636624876406392,0.474155221899608,0.030503369407044,0.0009696684093785,0.011703733117474,0.0433731959218925,1.7674608927356623,0
E300_397,1.1918671264095395,0.0019480233439785,0.0130222709649879,0.0396549472292074,0.5589279509790591,0.0030543069822952,1.8465359607662133,0
E4776_53,2.2132063196637835,1.3535313593802534,0.0105266434503019,0.0055147318025714,0.0084960661454603,0.0058661284404535,1.5131475805832262,0
E437_16,2.1954717899856155,1.2630515519463048,0.0052153428402334,0.0089572584543997,0.0049571249544361,0.0372368571335502,1.7214730974922177,0
E4904_20,1.370949145913532,0.9368888067936656,0.0027759162898705,0.0568088943777302,0.0079525465458083,0.0136870000856584,1.8870357849156607,0
E2835_17,1.9331408772992504,0.6597805364924062,0.0029581377589648,0.0522724245024911,0.005408215437247,0.0126287595604755,1.571097623330129,0
E1053_24,1.6960726125023342,1.3638423386246032,0.0866837325050392,0.0657647743187632,0.0015353403695613,0.0039200344221171,1.6468938441451282,0
E3814_55,1.679131377912721,1.1787295699824023,0.0088356720420646,0.005011857330123,0.0277395362637358,0.0035232455813985,2.145219104125001,0
E3695_60,2.1087914665881047,1.227179195502958,0.0787888657008581,0.0480397807203682,0.1398765890328808,0.0227338313241244,1.8226512911872463,0
E2416_51,2.8173260479645617,1.2262001748374185,0.0057722787333299,0.0269608824255947,0.0124793076327352,0.0395516634596274,1.3332631677424651,0
E1648_51,1.8755636541787244,1.1208899924308062,0.0250781038762881,0.015183140218401,0.0238258831417171,0.0039685453191367,1.872660573778805,0
E2486_16,2.2328550976524126,0.6187687280955823,0.0643959116880722,0.0403790675858541,0.0134579936079713,0.0491873443860507,1.7500537720006493,0
E1774_1,1.1248156238183964,0.1210109473493881,0.0145473892322624,0.0079206951064834,0.0055695137762163,0.0197232002852553,0.2100579556532961,0
E2480_76,1.812934001390648,1.1969181749189868,0.0487377011024504,0.0667843932731353,0.0031865863358736,0.0005766381097988,1.9441001137362053,0
E918_22,2.1098834302683014,0.918441691874068,0.0101816748691484,0.0277316150002084,0.028428904231513,0.0088794427141982,1.6448575287712783,0
E2415_15,2.221553054805105,1.1111342169531613,0.0069196511253362,0.0025363904283292,0.0354704119748341,0.0122422518833641,1.3496070871884032,0
E654_14,1.5916055033200789,0.8451007426527616,0.0075794567650964,0.0405064526879495,0.000664012215744,0.0352734813441965,1.391538453378162,0
E4194_10,1.7050335570959314,0.8666583367354044,0.0046730716182985,0.0041521116348501,0.0063177580609892,0.0279040508108258,1.340624865451909,0
E3035_10,1.4548558081651677,0.7288338665056161,0.0042653657292426,0.0016131875949571,0.014122583777816,0.0045096549491872,1.2811765807205795,0
E1781_51,1.918941593599241,1.1171363872063391,0.0069729489043352,0.0478794503877944,0.0017250605784465,0.0130199611119731,1.6430602238453171,0
E4939_20,1.7065669973985986,0.9403753590679554,0.0163971592700319,0.0302030445806238,0.0599641501020042,0.0103888129541957,1.6662265994684446,0
E2356_23,2.032832157211958,0.7007369531926655,0.0006217363043845,0.0055579445951512,0.0266723367960643,0.0132681031011828,1.639680394410329,0
E2455_68,1.986624884908556,0.905523096965063,0.0990599881100266,0.0624971299693567,0.0551049851957457,0.0436599399673623,1.8508777708701427,0
E3296_14,1.9488042082866728,0.9696449083096292,0.0047220137090433,0.0047090339966401,0.0073547136894329,0.0105699476770651,1.4633377360493935,0
E4164_17,2.189544949024339,0.7829750090625086,0.0005148761274969,0.0112809866585485,0.025909245921226,0.0074926875943854,2.009586534568999,0
E2220_28,1.7621626445080851,1.3160744560000623,0.0578354812316893,0.0011042539899192,0.0130412577158262,0.0057737892488642,1.538359772320043,0
E3972_16,1.4170135556503465,0.7169554402410638,0.0021263100444023,0.0042795144418564,0.0021787444116261,0.0107417481047149,1.827943133303564,0
E3951_27,1.7062400920252865,0.9051763562616651,0.0124625706699352,0.001938875557481,0.0309624183540366,0.0703690150728752,1.4725703877841934,0
E4252_17,1.1099737489992103,0.5262545308953985,0.0606954542783449,0.0085819030454495,0.0061776770906024,0.0103394207829236,1.4789147953673427,0
E2338_12,1.3773082217761907,0.5482020764839425,0.0458048043702834,0.0644004635152741,0.0345734323770893,0.0085631613675371,1.243215903191928,0
E3323_42,1.717782550252042,1.0171063593302625,0.0404214808110196,0.0052674019676053,0.0425604528346219,0.0062907084072001,2.220296768997145,0
E4658_14,1.624252685782704,1.0512087138078563,0.0003970072961088,0.0148975375707405,0.0032463920331047,0.0088777682982036,2.025096550485449,0
E3068_31,1.8529216298935067,0.9462818126509064,0.000459909586015,0.0130593299012781,0.0451491813526499,0.0056778677408459,2.5218310591775697,0
E2066_14,1.583001504673282,0.7007492757675556,0.0350761643463318,0.0128102085605883,0.0046390200910486,0.0115843172566455,1.5140894923268786,0
E2213_43,1.7889127503469004,0.5675499136606008,0.0147881743775208,0.0067815120136576,0.0345583644317484,0.0492939705721996,1.894717191914384,0
E4540_12,2.193155269159643,0.7276235013245772,0.1425402762900773,0.0712810048156935,0.0045030566466107,0.0071748033097211,1.5009416149799155,0
E4052_49,1.633866971521529,1.2042556212713786,0.0129939477816001,0.0748768422619195,0.0772474648169747,1.9483192335321385e-05,1.8601703241887229,0
E2996_23,1.7978401444964835,0.7136274596307,0.0633804858460359,0.0293425726054573,0.0127190370387977,0.0236765913746732,1.753939671099347,0
E3700_28,1.3024070997610857,0.8968452473718589,0.0052613872842655,0.0366347027555675,0.0341885693269861,0.0054656222399404,1.602575958627539,0
E4406_2,1.122158358202536,0.224013501567168,0.0039647353778899,0.0080478702507126,0.0184051514187547,0.01,0.3520323296115204,0
E3527_35,2.3393287257730937,0.9324100527449825,0.0301197356231516,0.0030970081539147,0.0373323260305821,0.0260653845015012,1.843621192268676,0
E175_24,1.6213078167269523,0.3016633182710581,0.003599022928354,0.0022945228080848,0.0111122453403121,0.010670346849654,2.0694295482115828,0
E4646_16,2.194237838087153,0.9891580898848058,0.04076256827139,0.022716397728198,0.0001170118017262,0.0129971192243025,1.6998287227356583,0
E4435_7,1.0629364236449392,0.3861262007728573,0.002980639278519,0.0053364923697969,0.0107696135822811,0.0174455726656558,0.9171307704596936,0
E3425_6,1.6110422188655102,0.5533666871225891,0.0245415208039375,0.0005849214069916,0.0415357962470939,0.0015772430139428,0.9958547858342682,0
E1846_22,1.6230401998923345,0.7352757942840538,0.0012557791096741,0.0033736225590983,0.0318543655372273,0.0029799502637963,1.620078546061846,0
E2888_8,1.3543300618059937,0.5690730026078321,0.0064545905272755,0.0017275074593566,0.0087570649642494,0.0211777491281471,1.329448247732118,0
E1741_58,2.3725802584701947,1.5160449905973905,0.0249487699293404,0.0022162008932116,0.0041648572920161,0.0582231716273569,1.968247554584536,1
E3690_113,2.1347362970088217,1.7329513524730475,0.6277615989142741,0.0717859260273874,0.017421083287186,0.0191671348623908,2.105854019565254,1
E4408_109,1.5923766520182885,2.5056970708236035,0.1484756199371627,0.0053870097666557,0.0213776451526752,0.0019206516336839,2.481834498786084,1
E1212_62,1.9702064580705487,2.165948625447337,0.101311985457992,0.0042197832581366,0.0180430321091685,0.0018473475889282,2.022971841992624,1
E2945_60,2.078118824196173,1.6039869572734125,0.0028589867376177,0.0026645277805462,0.0001871190813688,0.0580837406766598,2.0244236615749585,1
E4280_69,2.146545923187319,1.8118425352475565,0.0548309344413545,0.0109560737367618,0.0019359763667143,0.0033468517098891,2.4317282554354147,1
E450_43,1.5447048882752614,1.5085425166328743,0.0195306510351988,0.0180452258066394,0.0288688669569145,0.0077167962422425,1.839113837853328,1
E3555_110,1.5428643360824312,2.150521426608199,0.6055385799753109,0.0100716915423128,0.0996878172030154,0.0165579231573217,2.137560867968935,1
E1666_88,1.7593676219354148,1.9867520130383671,0.0696201185085983,0.0074101818698009,0.0008838180469247,0.0182134509138268,1.3783300891266663,1
E1921_77,2.2569164785633844,2.1780476680903864,0.1816107421179949,0.0153847084677732,0.0137851360174881,0.0320156019109691,2.621798692688715,1
E871_108,1.8846188666354653,2.219824830967708,0.7023124415451162,0.0109417952218476,0.0088900993027932,0.0071337610427196,1.7672555896822164,1
E2911_35,2.1050846662338856,1.3680567691653982,0.0110580508821128,0.0276310450308407,0.0122480743656029,0.000581652296184,1.9835452360654184,1
E3405_57,2.233012570028087,1.6290918455854613,0.02190731901124,0.0737455241751877,0.0033138497596927,0.0384835785630996,1.7625569807800243,1
E1036_87,1.866854228398788,1.7039499180027466,0.5330270107648915,0.0282609424625346,0.0034448086526803,0.0142563614849158,2.028142381111844,1
E4143_55,1.7667078358740331,1.69022104153902,0.000517376118038,0.0033205252697733,0.0060282836144393,0.1895954755965664,2.066876110836466,1
E933_75,1.9560803733074,2.5593814120238134,0.0705575717882137,0.0231697087846045,0.045508229824552,0.0006938255374216,1.6003891206748244,1
E633_73,1.9581570436828213,2.3000518609124576,0.0742471791548216,0.0032691268531793,0.000491811722039,0.0244664377296824,2.661186522914232,1
E3049_90,1.933731529800584,1.9328607000843376,0.8441949757583586,0.0116205968767355,0.0110030705476763,0.0556249250378789,1.838538969720088,1
E4934_51,2.377366768218592,1.7067208614402216,0.0914913635938288,0.0042304674589142,0.0024684445964794,0.0045881941587116,2.4386758402438167,1
E2998_73,1.9365246286658613,2.11060761145343,0.8317195013850975,0.0036063543308645,0.0710517623384287,0.0068368736702278,1.1373965391367928,1
E2938_89,2.4205426415202766,1.6503245550425585,0.0949546802562088,2.4333798816783143e-05,0.0052501582794985,0.0090693232030058,2.617439334522266,1
E3593_100,2.165978787714657,2.0738682189361235,0.6881898920758571,0.0003896380717662,0.0738442012696115,0.0386660381958459,2.2512718833309067,1
E192_106,2.343265074555929,1.7863413895167448,0.7078920961722877,0.0014853504323734,0.0013487145668248,0.000893333638693,1.4762778996396395,1
E4301_68,2.2515726706100523,2.6685585397101166,0.3419885803381158,0.0241781037603015,0.0001650710014615,0.0012637128278594,1.8991313091665905,1
E1449_93,2.188209192883715,1.6781016074458703,0.3220287151895609,0.0051151571500851,0.0144850356982493,0.0216800410630665,1.7681319328174512,1
E2944_94,2.2784110605348267,1.7386730194420057,0.4369024776855344,0.0141279437352907,0.014308742278866,0.0055201554035049,2.070655613128392,1
E2660_64,2.4207032416971326,1.9353504605193377,0.2660144174031135,0.0458473575070283,0.0152252964575641,0.0352601044060557,2.1340944850288857,1
E13_84,1.227424959394234,1.889806878827676,0.3436377700943459,0.0111753067019808,0.0341692343601471,0.0063495007790945,1.4996501228292949,1
E2181_44,2.010193469002954,1.452491848089647,0.007066236007556,0.0215101182876715,0.0993664589001811,0.0010575958636586,2.296027724006444,1
E4022_26,1.6826854508008475,2.03487874290384,0.0012326696273507,0.0006262841487034,0.0194154026649142,0.0017470919405175,1.902199032722788,1
E3942_67,2.426203041403808,1.5092375900231605,0.0770474884099773,0.0201559514801909,0.0093206474507666,0.0007343268239663,2.1586017102180866,1
E2592_28,1.8726252210510423,1.902617327647277,0.0119829919513553,0.0043843667596654,0.0018337035732098,0.026916981247518,1.7298804218064132,1
E922_29,1.9288771529716071,1.4978168600223294,0.0058423314876688,0.000243870643239,0.0033468906411133,0.043975247896951,2.0313756145498845,1
E3114_53,2.2639277066711534,2.1368708166809247,0.0143351690456052,0.0271789058405418,0.000838470442124,0.0029820545641004,1.7959847836297065,1
E4443_95,2.381535433842928,1.9139774183043297,0.7318287983686665,0.0150700177988977,0.0218050757527791,0.0247154809437248,2.996185412245488,1
E4954_32,2.3076759422530952,1.7338646514084264,0.0010472819518731,0.00054147976974,0.001241757000665,0.0030691752940033,1.819133073381085,1
E1716_44,2.4022564648953293,1.5491787520874938,0.0001954807554172,0.0074162533282066,0.0085257863508229,0.0116888253864777,2.2629125833512167,1
E636_35,2.350620395557108,1.667968568595024,0.0424511092353653,0.0194815267944028,0.0043779808918876,0.0134526351455385,1.701294585686897,1
E2051_34,1.5792165819715702,1.8673998865487456,0.0394822298244934,0.0058673598403318,0.0024943792463745,0.0082379153680122,1.944963818201445,1
E2044_37,1.908288811411916,2.0343566787428826,0.0046169530754466,0.0033291900235983,0.0174599285493565,0.0010692943251614,1.9943216393557703,1
E1347_41,1.89204941427358,2.053447043963798,0.0150650194438207,0.0274675980246427,0.0373142987626117,0.0023609188693588,1.516514560016314,1
E4069_83,1.7573829363167162,1.6363592165356833,0.5689181500672201,0.0029219806505015,0.0284420162147242,0.0289186037677086,1.6366323872472106,1
E803_95,2.214452560018417,2.5456241411011327,0.3884987064833063,0.0199130967394797,0.0187466874597277,0.0652604190227561,2.3845954931021875,1
E3798_75,1.9276013940559744,1.6868402916940668,0.1756310508467739,0.0630734137293931,0.0353708814339196,0.0237895977215363,2.24875153711084,1
E3378_163,1.7283819388934003,2.155787647192429,0.7633348705676049,0.0022856999189418,0.0263615554456419,0.009034672691921,2.1312852940227405,1
E2522_42,1.9350400544965367,1.753948897850646,0.0055501952557157,0.0031880551649542,0.1153426723771283,0.0036824459560702,2.431654427885775,1
E153_84,1.5237621405529975,2.057983375878384,0.0054095136243918,0.0078460350871208,0.0068893858025909,0.0696597530605407,1.4259352861919663,1
E4544_67,1.873864710323322,2.0493527297554617,0.00471774643799,0.0087274419413585,0.0023576339353508,0.0006185621577166,2.0673870827558702,1
E824_64,2.2146575918185567,1.3980028627186352,0.6118284172930675,0.010938172152248,0.0011818771021997,0.0204942152283229,2.4075575672732183,1
E1608_86,2.462174391916589,2.50271987752939,0.7543765560673539,0.0049131831590397,0.0318688184557863,0.0009445703605708,1.4513945989586818,1
E4004_85,1.6424984742049382,2.0701176393758893,0.4952067467335557,0.0005853122995265,0.0114747716677359,0.0889570205841517,1.7385875936736912,1
E3376_66,2.0847034792149293,1.9105826703941773,0.3551850061698792,0.0158048435667818,0.0202811280504558,0.0099620262822711,2.039599396764309,1
E2555_129,2.0487350992023123,1.6951024328157236,0.1361060811381456,0.0266370204471016,0.0028342630284966,0.0007915270480822,1.9498021794821447,1
E1765_190,2.340595861623552,1.5932056471956877,0.9253714855384304,0.0468830095646308,0.0997342489278974,0.0044741412399874,1.9364489339595865,1
E4359_58,1.843552971903747,2.2242434900341768,0.4430182795191339,0.022271444363588,0.0113745565938866,0.0015892772727599,1.9205943319451504,1
E4753_116,1.5705220766346506,2.1435232522338645,0.5775336811992613,0.0300854774214221,0.0921684819967638,0.0011443416793854,1.7424589187633024,1
E1191_36,2.39086775953974,1.8500438875918763,0.0752463243398794,0.0456215365563848,0.0042346386428869,0.0042325561127594,1.4326679961889757,1
E1793_163,1.7674182375758558,2.7342395661386405,0.8406265319413018,0.0047812720013234,0.0153244022117445,0.0066346338432438,1.8256588610032287,1
E975_55,1.941556296066272,1.3950805982662768,0.0099082824892007,0.0031442925478701,0.0372986181494407,0.0156969086518023,1.886800093958864,1
E1929_73,2.1356228069120364,1.4211630963387032,0.0493479451757004,0.0040748496769656,0.0007436170568316,0.0023856146593648,2.077633319693857,1
E4234_39,1.5005594466965195,1.850764515588133,0.1291303440898004,0.0014417221381666,0.0359264390177741,0.0101645376309357,2.38514406818618,1
E1701_40,2.8788027719715847,2.377336851361489,0.0011590167906859,0.052156032088189,0.0173519804995474,0.0814782124076558,1.9836062483983128,1
E3598_89,2.570673526539333,2.1409918553070937,0.9304295111083584,0.0034323693764472,0.0342942840249429,0.0112522917432397,2.3368841564110965,1
E3585_28,2.22339386539526,1.728774280233231,0.0369060345996829,0.001551460938517,0.0287822541650252,0.0349925868862432,2.307642923695615,1
E1337_116,1.97680666819931,1.6726631828147012,0.4948277281490088,0.0113751386392552,0.034398677851649,0.0107188514506554,2.049409465783244,1
E4694_91,2.070360759212151,1.687343694309435,0.2533516827941961,0.0017553647131443,0.0075484319459533,0.0340568302595164,2.4219819708778605,1
E3640_84,2.2305577828527894,2.252830543657192,0.3304546223832271,0.0010926673713302,0.0433308112710372,0.0142502997307616,2.0479823498200567,1
E3138_47,1.92572214182478,1.944007850295734,0.0342395663051951,0.0184012922990336,0.0013273622983952,0.0028116225272064,2.382248252213275,1
E4384_85,1.7260369419208412,1.8995717553469016,0.6020688428919799,0.0002826066707641,0.0072445399547107,0.0030602296945863,1.4679672773833987,1
E4213_93,1.5334437066648734,1.9332017023650256,0.1780041923391665,0.004261433526203,0.0047642817804821,0.0276996570274309,1.2032750724837948,1
E3274_51,2.20876810118304,2.2636909075147216,0.0141542838324836,0.0200212284227058,0.0109127166178887,0.0341589328238496,1.624716774364272,1
E3215_194,1.4075662029219675,1.9450106297671468,0.7506097830727027,0.0018726196898075,0.1277046661678758,0.0073084206794051,1.913159951939776,1
E3422_54,1.9979750126158464,1.5039030716544373,0.0095394747420656,0.0042766771421248,0.0714703840977944,0.0123002867840773,2.0459269888043483,1
E1618_79,2.081651419586584,2.2494389692342915,0.0309000263532758,0.0173189266154274,0.0565387040347502,0.0133714524417463,1.6339283331452432,1
E755_66,1.818849507555152,1.5990009816787183,0.0144303696496652,0.0075737309937703,0.069287427065912,0.0022392017932619,2.278786292203085,1
E1652_88,2.354804105382465,1.869889365714109,0.0117862188130979,0.1461516330285755,0.0019532843476522,0.0312240009693083,1.952091327197704,1
E2517_110,2.0977020970499898,1.521243654248,0.996733075222368,0.018790480756637,0.0174669580389066,0.0131561294711113,1.6267309249744653,1
E4791_75,2.6601271551997763,2.2533684217315275,0.5329820994475671,0.0035920294255893,0.0152580714712881,0.0003153740771285,2.2885978788087487,1
E1704_49,1.9687217302459177,1.743758977080926,0.0185051595559606,0.0119237146397888,0.0066130225013226,0.0534597679082626,1.6750028849440337,1
E2707_105,1.4821701514653889,1.812152920417784,0.1885618756290462,0.0011524612796428,0.0114972637063521,0.0184138410644189,1.989774019391537,1
E441_56,1.7317739378949513,1.7011553901371474,0.0235093181946955,0.0116811155990771,0.0035670676669328,0.0026047723365571,2.165492977313317,1
E4848_94,1.7558599622058884,1.9982820146576463,0.2056859071895363,0.034592357233083,0.0096605346665257,0.0004439426503458,1.966978118622849,1
E904_66,1.543744417943306,2.0404819416446585,0.1114114166062192,0.0044058947886992,0.0083734449673822,0.0081232005306452,1.8905289235553708,1
E4179_49,1.9238016797426525,1.8069927199751064,0.0331962439489253,0.0271766665158921,0.0034479183444443,0.0015065736603501,1.552061414571526,1
E3508_66,2.088236109360607,1.7194980332532368,0.2197452994739966,0.024657450909661,0.0163061475875111,0.0230840645025981,1.9032027690438555,1
E3418_51,2.4910977624455874,1.6299707971614297,0.0089909745164179,0.0106440171920808,0.0498925359507672,0.0048043283154299,1.6110533030577976,1
E1083_62,1.662421489780603,1.5566976253008569,0.1444897922597333,0.0264531328233985,0.0328416027919374,0.0189134449489443,1.877548492059401,1
E858_58,2.205881650464546,1.82170170606154,0.0081877486412456,0.0202821005672414,0.0118705701672013,0.0120277831897545,2.2569712978453413,1
E816_128,1.6822008707936489,1.882399221135256,0.7356051517186829,0.0036261155192589,0.0048317220541996,0.0509306546575291,1.873900845616316,1
E4083_99,1.6826493306605017,2.7189152834766124,0.5174013809828177,8.849447804952824e-06,0.0006457743858494,0.0058654016756814,1.5699004624562969,1
E535_78,2.17240161740438,1.3009139090485249,0.1397943057124634,0.0165720238595381,8.582604404749112e-05,0.0064711219989217,1.7691565027138996,1
E768_30,1.7257104695198398,1.3672414413241307,0.006453651710325,0.0037043655604513,0.0777411325881906,0.0030703238544331,1.9909234321709857,1
E2008_31,2.0427888139054207,1.5907684216930258,0.0772601953905008,0.1582800030531035,0.0028744176351659,0.0019427653846758,1.9679330293140749,1
E4616_57,2.099661900012644,2.646144540600041,0.0833717195421382,0.0736819585072896,0.0072416215736639,0.0170098878655109,2.00522078467566,1
E2104_110,1.2667293118644465,1.9532691024928952,0.6871763167350007,0.0191216811071912,0.0078431507316565,0.0005652535202706,1.450330835696969,1
E4295_69,1.9284517926493865,2.224542396782085,0.00675881635925,0.0051671611306149,0.0001659925853026,0.0316703702481358,2.174799508314649,1
E3239_64,1.5673207449710649,1.951474410584574,0.0733600765325801,0.0487661640782638,0.0367908143000463,0.0125564684118401,2.2964989939921923,1
E1458_56,2.199946359932937,2.217834405560616,0.0312285360289655,0.0032153278688194,0.0251122306128115,0.0026874849116071,1.8703510082875043,1
E522_64,1.5636765111499813,1.834377710618889,0.6851790755139362,0.003271767814965,0.0013291103292197,0.0026448095479121,2.2771237597102743,1
E3061_60,1.9619757864009064,2.4677755438670723,0.0606732014729096,0.0128857880807207,0.0829650992621112,0.0395273997832958,2.52755322940958,1
E2615_61,2.202187472896369,1.9142857015274528,0.0104949860601402,0.0685794992008695,0.1015957875809525,0.0142584418171751,2.4899150988063123,1
E771_14,2.0264212549964684,1.3080003082035987,0.072992363662012,0.0043283308710175,0.033742611888342,0.0077468505450281,1.9135234912701908,1
E152_28,2.4300292618001014,1.2898080119900006,0.0117953042746199,0.0053384884360915,0.0058082348665843,0.0128229162943917,1.9464654227534768,1
E2165_34,1.7801054290619878,1.318142702712806,0.0035903144547892,0.0006425137819277,0.0141190438309953,0.0100573945714862,2.0744145945884203,1
E4015_39,2.1203918752557085,2.128982318400109,0.1199488697321116,0.0084179959095636,0.0939372369142819,0.002886206723563,1.9319938344162249,1
E1219_36,2.112848773490714,1.6870554730340508,0.0003403170333507,0.1742702665823033,0.0047768093205634,0.0047492573524032,1.3391152479590271,1
E1143_71,1.5742530711175216,1.8601983052369664,0.2527830858522128,0.0449915837563506,0.0159994154873201,0.0035779203196289,1.4751137678274862,1
E511_18,1.7260379453953154,1.5781815400566317,0.0032057819423914,0.0287775072559936,0.0057696179364539,0.0050865107049961,1.9264995645097247,1
E4347_49,1.6680338770371987,1.8183750339290303,0.0382008083713313,0.0240606556705767,0.0210407394004742,0.0387231106322493,1.6057911422034994,1
E916_77,2.341153539374541,2.1040990371416344,0.1222571238079706,0.0074553935815974,0.0292277770366501,0.005298577953194,2.209285987108057,1
E1799_30,2.2243181109961747,1.6664655463505915,0.0008459477256743,0.1093243564901459,0.0655161058900879,0.0002464561856287,1.837842389200549,1
E736_58,1.488595883182344,2.0677371106618083,0.0041008678261159,0.1067593746514099,0.0024881947326075,0.0135938024670164,2.0167281700251145,1
E1041_17,2.021163992732788,1.3766523560669683,0.0122433423061541,0.0048685672605091,0.0094737962607914,0.0918286472924065,1.646057540178037,1
E1419_70,1.7987361120168217,1.4202287342121434,0.0099671871483736,0.0093167263091995,0.012885011698502,0.0095109116526192,1.630171868269003,1
E1479_50,2.3509844633717942,2.3833199827918543,0.0081303910074332,0.0028003420145798,0.0043447455316951,0.0702275636862438,2.149213242863839,1
E2140_34,2.013873096041174,1.5767812573686306,0.001401252718242,0.0029079717840858,0.0324603151735114,0.0066806414678462,1.4992662556164615,1
E1489_60,2.8183160968614933,1.7123611053695682,0.0300808199830044,0.0424477083070143,0.0052540899797465,0.0044285430765803,2.1237878733546824,1
E1981_118,1.955889199941428,2.0384484470479487,0.3232853129996566,0.0070130638943197,0.000146792287593,0.0018719394136324,2.122812430919345,1
E2671_41,1.5151759685235615,1.635862660060074,0.0092805079836476,0.0127809654623019,0.0013986800990107,0.0026143604928961,1.993450309351152,1
E1605_52,1.835867592095048,1.6680356090996702,0.0089188745750524,0.0373942953376194,0.0009176979901385,0.0075649446914151,1.9846915448434863,1
E358_45,2.194723762188372,2.142468899842518,0.0135933713718544,0.0081947274697828,0.0563155845213757,0.0881041810031915,2.0043960512792096,1
E584_36,2.179158943396434,1.7840260277844688,0.0237638886480684,0.0189709607088856,0.0052261120152301,0.0236839195028487,2.2509580008577617,1
E532_43,2.1689980231754538,1.6361234736942258,0.0167290953645937,0.0261154005601169,0.0057195752418117,0.0013500263214484,1.8271864843417795,1
E3918_75,1.7943747852379877,1.605006679037571,0.1521023030034102,0.0093211630096832,0.0023629622699335,0.0554577816981239,2.07717461426733,1
E1901_27,2.008912738307828,1.8432552405526457,0.0087404247124564,0.0152076140921773,0.0002998472987866,0.0001372421986794,1.8664833445877247,1
E1634_82,1.9118892771162543,1.5900966787909805,0.0357829476174116,0.0019490523569322,0.0046271382361053,0.0024286989706144,1.382982548060165,1
E6_73,1.4948880910447162,1.6683568224620515,0.056430983463528,0.0552168616134137,0.0506861161635231,0.0060758118016351,1.578039375344552,1
E731_20,2.11317434146,1.4926221671775493,0.0698369930902617,0.025631909897462,0.0755510361072763,0.0372430886334264,1.7140861592787429,1
E2499_103,2.0799774080950177,1.151402431770269,0.6407248045983038,0.0156048529022905,0.0199396420614816,0.0011488766400547,2.521375908924808,1
E127_127,2.2176912863572444,1.75757137925803,0.0790771610265956,0.0006021998386855,0.004426301531958,0.0149519317202624,1.817531443500548,1
E2899_42,1.6737879745814732,1.2748274822498225,0.0365139217629211,0.0001931972627372,0.0158493959063856,0.0001585092079564,2.1466824626042933,1
E4809_75,2.292549547034541,1.223054488572831,0.004697257984447,0.0081374905808216,0.0023660310253096,0.0315737444782942,2.1592034392730115,1
E3728_83,1.853011070004113,1.7342632639693478,0.5466970563280824,0.0054071698158543,0.012894642886748,0.0142394513134898,1.7568562035686566,1
E3743_105,1.7289129822780445,1.9035295713368945,0.4044345390610777,0.0001106930625813,0.0101415441668796,0.0053347480272967,1.9284664909495493,1
E334_43,2.3077923313408704,1.1746191388582776,0.0083527349188247,0.0004651015998539,0.0285688574503437,0.0479702425081782,2.5841383409052736,1
E387_55,1.5423283530351155,1.7655034360166395,0.0029900200067086,0.0007399578362276,0.0442062748144151,0.069776840124615,2.043648512376833,1
E4245_100,1.887029715505936,2.495351768079863,0.1715049260284652,0.0065981159368413,0.0455836060709364,0.0388670902697414,1.8720781443480048,1
E3026_94,2.369819973033509,1.844216502917054,0.0043480313512619,0.002748296664922,8.41889996514994e-05,0.0541480756600314,2.1710190695487768,1
E3328_55,1.931075937173668,1.2733276012861752,0.0294055891045444,0.0719096923242794,0.0052691100627767,0.0024544267885964,2.050172676097694,1
E4170_83,1.845721506993781,1.9968028569788367,0.0042335431407628,0.0011294490286514,0.0055212849785352,0.0059192296685839,1.479826155891821,1
E4363_107,2.1779129589642827,1.818409331581671,0.0982393627462186,0.0107427563881419,0.0058175234645992,0.0068379802724012,1.748972175863822,1
E2410_97,2.052760120735884,2.147336153304488,0.4930227813979315,0.0388629845103723,0.0156730607224023,0.0239196464069315,1.8700599300402627,1
E2545_99,1.7168451469083894,2.264579220568536,0.7167050181693725,0.0177423604307717,0.0164882633398716,0.0050726848233732,2.35756323363196,1
E2315_60,2.275459725418438,1.9431442807413415,0.0271174261742175,0.0250467551812168,0.0090821014979441,0.007102791212263,1.9384541260473973,1
E3970_26,1.6728577090651602,1.9710367122785084,0.0170549140500516,0.0210710843787422,0.0082458391826679,0.0096327468504592,1.6619931317329428,1
E4017_66,1.9291230787510536,1.6729297717061358,0.0068942313798531,0.0266846886916876,0.0037211537987955,0.0157529923001631,1.7920889394971966,1
E2905_88,1.9521986746248507,2.1608929535369588,0.2016495562138802,0.0015661551207548,0.0369566524237528,0.0017376513874164,1.9287983074789083,1
E4926_77,1.8511048503680847,2.0171581665401943,0.4062931222019969,0.0059111912438464,0.0007586494700236,0.0033564884377756,2.165081480072258,1
E1146_28,2.414082745750638,2.927118282594773,0.0004005414518997,0.0352046736351623,0.0034221703472496,0.025291721416589,1.937457757319461,1
E1085_74,2.6420522240305564,1.819784424584749,0.0011100794408809,0.007885656425697,0.0620576040738518,0.0119999398321759,2.37367117808084,1
E2252_84,1.7436550292256412,1.5499684246633905,0.0292664628494862,0.0100432043565873,0.0088008544230738,0.0067299924224744,1.9829140617275764,1
E3099_95,2.07147587170443,1.5426531246219068,0.3259788916005239,0.0222772275245209,0.0133666597092983,0.0254219172488732,2.014339240780432,1
E336_24,1.93686253832232,1.338748226622118,0.0064029415769032,0.0145236539937211,0.0044002977888456,0.0749562061381251,2.029822259985528,1
E1951_79,1.7527042919266702,1.7618072348192382,0.1001208113603565,0.0013570869165501,0.0148664131954016,0.0003220790276449,2.064189950331716,1
E3346_37,1.864751285541734,1.5026534176850574,0.0239650680452433,0.0161962291069303,0.0194518991447275,0.0241828573221724,1.5190507500557149,1
E439_65,1.453375096680095,1.6486666323355232,0.0431742525801008,0.0011975533172162,0.0114035721429429,0.0092015913786084,1.8585680904113613,1
E635_99,1.892829939803196,2.1594566536163406,0.5308604955137344,0.024063369416054,0.092503168044347,0.0044417850369068,1.9080872024381743,1
E2862_33,2.116173837345417,1.6905433868093114,0.0332135520621495,0.04796301727921,0.0111115524932934,0.0153354297145392,2.0502947985294084,1
E3830_20,1.8929284000256903,1.5334321796225616,0.0317465897191835,0.0040829953332028,0.0013334641153168,0.0060880352568705,1.596881708472094,1
E3842_42,2.1111117361862326,1.7425191079416964,0.0688538614823426,0.0138278934235947,0.003033663346624,0.0190483316641676,1.5440181623736269,1
E590_102,1.830321981585424,1.7047252391628962,0.7046893102347376,0.0085381574754295,0.006473778838798,0.0022880196834925,1.9182886916393964,1
E2364_83,2.2369320145791125,1.4884442221330911,0.021669788073152,0.0202375115629264,0.00953078909403,0.0018344787535344,2.1190412363287665,1
E4192_62,1.7844846142733055,1.5397215416221026,0.0107126838127607,0.0110249524406074,0.0094432239899002,0.0031002639767742,1.6425872897990823,1
E2957_69,1.667261625540455,1.7437047689520064,0.0378371423595131,0.0090981493632929,0.0277634664710141,0.0013673597765384,1.9853571806944497,1
E4841_32,2.435159446572364,1.3392560838084098,0.060586495162308,0.0264407928700883,0.018704339795351,0.0007509550547525,1.7837367106141615,1
E2815_34,2.521590296385166,1.6306967630555669,0.0166813410843468,0.1140840287878039,0.0011909124466499,0.0182695005834408,2.2619745135558538,1
E672_77,1.7561865446713534,1.6097125241803392,0.0492576043507457,0.0003966360910972,0.0205241812147293,0.0220799542881499,1.8053952016335053,1
E2411_54,1.8738122680756844,1.9217572519470985,0.0215513115178363,0.0124952307583766,0.0271491432894968,0.0114376146845157,1.380791107020928,1
E4992_49,1.5551108749348466,1.846496190535686,0.0548847434640163,0.0061966664567244,0.0128636632228155,0.0168050052769681,1.9730146147933847,1
E1973_94,1.6341295370273672,1.927902946212496,0.8347652405051827,0.0507012842967586,0.0103609320587141,0.0037584359521724,2.2332544396744165,1
E2092_99,2.1868686783277336,1.4887507554759307,0.040520938382304,0.0342310577804114,0.0140011769486097,0.0023585288595398,2.160853377358127,1
E861_45,1.966283832381068,1.5460357031158305,0.0161945498312313,0.0224397360649275,0.0093728098383923,0.0090894154703345,1.6187289679291543,1
E1018_67,2.344860761449575,1.88852683392004,0.0072672561865861,0.0739651793839337,0.0128322885962384,0.0004899260777035,1.7966763917837447,1
E3254_56,2.4102054552658125,1.1926031659803749,0.0027634315914227,3.329797769110939e-05,0.0058425149822071,0.0030756306269348,2.7056631309615087,1
E1665_74,2.091221685555628,1.6171563893287515,0.0316324107594723,0.0026667597644846,0.0551494812163669,0.0370929281372431,1.6096212658492222,1
E2613_30,1.8373146513921848,1.8386291135793031,0.030691740446337,0.0007473813707412,0.0050855287250821,0.001570530392501,1.6922197627050382,1
E1679_33,1.8839297643275448,2.2602460301108063,0.0131185879636979,0.0467075382582344,0.0192437771931155,0.0101397769072199,1.9694351182035104,1
E367_77,1.9254227226047025,2.0368952420510724,0.1159075019777443,0.0346125839998396,0.0417708787889496,0.0004510312666946,1.8684044677926808,1
E65_112,1.4692507762715508,1.966907352523341,0.1185169125604298,0.0549493335417966,0.0343641052219025,0.0049899514016792,1.9265776032789588,1
E3992_125,2.0899860288988683,2.2712256049074564,0.5656396558715487,0.0346883662841936,0.0016762544841517,0.0257341686081286,2.254153395295796,1
E1790_69,2.690940992932145,1.8102185640453905,0.027574275006255,0.0183920013814321,0.0103307463898242,0.0070880679521421,2.0450354215626803,1
E2072_52,2.1424445091539868,1.988562681341604,0.0323506103724268,0.0781496644530571,0.0042852319973212,0.0117418030400589,2.0880433432703813,1
E4094_46,1.7199587950286022,2.015980883338866,0.0023892244435863,0.0045035377823343,0.006894212066679,0.0301345681604349,2.3200943207932343,1
E2023_90,1.9029963244539487,2.4719809214401103,0.0971022117976381,0.0004114537997352,0.0147172771807335,0.0071860643416539,2.182313739042,1
E2583_33,2.3820421101696447,2.436733450243774,0.0019615071719844,0.0171594650033059,0.0001072728791201,0.0138469875464808,2.153142142992679,1
E4994_86,1.85283486694745,2.1046184839683373,0.1739769366617979,0.0157727400146538,0.0371418404225547,0.0286662013235321,2.253054106338096,1
E3563_20,2.1354120343797045,1.7984722108280244,0.0107020369020351,0.0268949233626824,0.1045791319840654,0.0169499373814363,1.6784432223004442,1
E3825_86,1.940631541437558,2.0490379815495814,0.6839120974996217,0.0088531597817467,0.0003020190387492,0.0095719598052226,2.8062190843268184,1
E1936_58,1.9793776710535744,1.3662898642889283,0.1262544959543037,0.0086964406227913,0.0132791644043984,0.0058205986967819,2.6809941181329617,1
E4639_27,2.56314960809576,1.234819605457194,0.0006614138006697,0.0212447390370787,0.0329513260821453,0.0065107581283872,1.7334657614395157,1
E877_47,1.5999230969828644,2.0737388608743026,0.092354612519308,0.036025395809739,0.0849916761007066,0.0015963933242673,2.1236053068940093,1
E1940_69,1.620007973377907,1.6224660502758623,0.0687840286263338,0.0201870657830452,0.0049824204390865,0.0029678186623923,1.6766721932494555,1
E1554_80,2.5371846692876256,2.3357145502518097,0.0879964696454972,0.0214877337239789,0.0123583027558957,0.0099761875488233,1.6536632656973385,1
E4767_66,1.8809810061214027,1.4080059539453182,0.1447266004025039,0.0111212945442195,0.0264426076009397,0.0154051672295762,1.6828103603250724,1
E292_74,1.6751924749293847,1.6413150801923602,0.7960691663832711,0.0709908573815451,0.003454953115859,0.0087167061345821,2.2465437148867555,1
E4649_112,1.9354184460540884,1.844126340818004,0.8148093599634161,0.0027989162099328,0.0181248479096222,0.0057626960726729,1.6915883189699217,1
E308_37,2.0178290144953617,1.5980511043337648,0.0117875739231051,0.0125553428641502,0.0715362911748458,0.0111258164800017,2.6152889779078268,1
E3395_86,1.7993293221227376,1.9869669326491264,0.7429940331870405,0.0115255574344626,0.0848209343869898,0.0041760941592906,1.6493880368696057,1
E712_94,2.256214727983963,1.8201334619456124,0.3240737719246415,0.0056618849452742,0.0136886464404041,0.0209231735484579,2.0415885300961256,1
E1655_69,2.277290075958501,2.239858873686994,0.135359898721316,0.0245698698443827,0.0311764449517516,0.0129120012478791,1.7870462698003005,1
E3921_30,1.9787061174014025,1.8265473814760167,0.0115350080391002,0.0112216652202988,0.0653818870690337,0.0018249891805677,1.9720927241416977,1
E1876_103,2.294896975090936,2.261312733787489,0.8569489440453262,0.0032287357283851,0.0176271681992433,0.0015267790141821,1.7309032500004986,1
E2608_51,2.494072452314812,2.0491975371735505,0.0007491495588835,0.0513256811023814,0.043607263775481,0.0170615474876303,2.203211485451272,1
E4591_91,1.8183556586215943,1.5675915909498743,0.9806318586021772,0.006562185036523,0.0014237306042021,0.0247891278309261,1.591257869748712,1
E847_115,1.6518841858587296,2.1791010171722767,0.0214753522012824,0.0120930306049745,0.0031972999432138,0.0028755837402916,1.6263747580537962,1
E2738_69,2.4599437777511426,1.4942478472388632,0.0413817906739498,0.0162065276270768,0.0057251602651799,0.0229749496522014,2.02686790233064,1
E20_65,2.1185805283250203,2.036269410184099,0.1454884947409508,0.0005339857697961,0.0108278108698638,0.0350664852292443,1.7514376711657842,1
E4824_63,2.19228102359575,2.663496569100438,0.6392660077957096,0.0256351812145916,3.868917159875664e-05,0.0053378244448089,2.149661616202001,1
E691_63,2.2042425851164578,1.4756846018944112,0.1026840811631275,0.0012052409266326,0.0051362488381059,0.0207078997989508,2.6517541596992755,1
E4309_70,1.585704977107735,2.05197128681066,0.0280898756917403,0.0466875698494638,0.02695616390636,0.0147500850239524,1.8995348203058404,1
E2157_80,2.363089096364621,1.804928442665353,0.2932456168973091,0.0281280311340084,0.0229485729740857,0.0143346741613417,1.9031528465097307,1
E4307_69,1.659243141240324,1.7957841788015476,0.1030350420964333,0.0142711863603342,0.0123445151562421,0.0316029377842707,2.3426659296093524,1
E4867_40,1.5427606501179507,2.498919194580332,0.0042558897590799,0.0410032591324856,0.0122562901634247,0.0114711353034524,1.7653753363159077,1
E1292_113,1.681162742245386,1.800895183336522,0.851704957163412,0.0309777453232555,0.0115184816905968,0.0001814774911771,1.7302085178921245,1
E3976_26,1.997266411726484,1.3173700028518656,0.0092543323591511,0.0645592466479242,0.0072433610347038,0.0102809164801575,1.7716357521762944,1
E4277_53,2.2533359837897544,1.963984271737014,0.0841400926550794,0.0027517958146276,0.0446472817177477,0.0228509568945368,2.009223722826388,1
E456_101,2.720569972060107,1.6995231947568326,0.9678990346398076,0.2122480765587108,0.0135048230414843,0.0123539132685154,2.684457672682276,1
E3330_29,2.038681710598794,1.757559263759549,0.0075985380576429,0.007931484596251,0.0152062644103784,0.0227205498813797,2.5117326032020584,1
E911_110,2.288677563610165,1.9390074202002376,0.938469742410278,0.1039298321074091,0.0136092528515856,0.0047669890461167,1.927129119670676,1
E4090_81,2.1275097218872467,1.2569970800654595,0.0801754993290852,0.0016837900249842,0.0072624711918737,0.0033159410127148,2.149003197199475,1
E4708_61,1.849680042864152,1.912190999491912,0.0028788341650049,1.3809709831913776e-05,0.0015834166671015,0.0034506534257951,1.5806206620447294,1
E2283_117,2.0715224791524367,2.4263058594149154,0.2250387617981618,0.0039667023678654,0.0059332605094574,0.0003899456169189,1.8153134348465707,1
E2871_92,1.6634016877142466,1.8245426942391247,0.0075867526628253,0.00758250785727,0.0417943544211739,0.0146917182945534,1.9195071071549568,1
E738_47,2.505614784891532,1.8734696927678296,0.0117649353884469,0.0416154743267198,0.0343386786277361,0.010994478151959,2.2265761808669726,1
E2823_75,1.9515010927236336,2.043227120796732,0.0301013136504215,0.0072022494419287,0.0025427706548628,0.0092377552470692,1.978081210490496,1
E4710_44,2.240674762586552,1.7459557186181622,0.0006755014916855,0.002174776236163,0.0104048779661589,0.0006292003050571,1.9960492561040983,1
E2604_76,2.3859931725720864,2.650578299922428,0.4244988223166073,0.0154063644469351,0.0318050403411932,0.046527018668941,2.4720518534529266,1
E2320_36,1.6132254780530015,1.3246368510421191,0.0377264251797587,0.0482553998352765,0.0023967617184517,0.0603026473271876,2.447465593430899,1
E1626_30,1.8390995932537657,1.891103048685404,0.0543909644935593,0.0024621135058788,0.0049568928123873,0.0083398631620985,2.173970748181043,1
E138_69,1.546469668722873,2.2472901194513955,0.0573994279085739,0.1141009263428239,0.0561140178490064,0.0185396835669684,2.3601900753338785,1
E2573_87,1.7649759455149352,1.7463304400862476,0.520955785158178,0.0013167899291054,0.0413010967413919,0.0002789650696644,2.161092390731083,1
E443_33,2.148674900951547,1.5225560693024187,0.011433084036226,0.021341715008363,0.0087467983280936,0.0228810688542187,2.383195031477748,1
E3362_114,2.119686643568073,1.9478049011676888,0.6038145139030091,0.0551219685303579,0.0200173851209231,0.0217272937818117,2.441716059386509,1
E319_67,1.723609561332426,1.7794992550294568,0.0684265616523053,0.0067039392045193,0.0020039790991125,0.0127097198430796,2.0986301399502483,1
E19_20,1.9052271235556697,1.3156098490795238,0.0139562424789517,0.0460171528533875,0.0050673876104132,0.0300559303755571,2.0281163437321124,1
E249_147,1.7598603812599454,2.0286277150436187,0.2205345784727612,0.0134160350853706,0.002127539215209,0.0016682414424969,2.0750624175065533,1
E2985_64,1.900515897296892,1.9466197969872048,0.1538345489888223,0.0033066216755506,0.0621476815752095,0.0021467485970259,2.481088549941962,1
E2329_49,1.645567845515449,2.0093666954108342,0.0257413040176679,0.002484230152586,0.0021069437828143,0.0032483304254205,1.6141417502985214,1
E487_42,2.2026808140807965,1.7835306381331832,0.0429930554540423,0.0064891332286517,0.0597927028469601,0.0120824838849554,2.506106879018973,1
E1297_77,2.6851013000308,2.2708147816433177,0.2025156304507294,0.0225601536513258,0.0240187091908645,0.0724290538066524,2.0884526199450577,1
E1493_80,1.4926309732996108,2.399751407614896,0.2660160642365072,0.0131253487157256,0.0194355154906147,0.0213004837488325,1.723655187857864,1
E1454_34,1.8498859343758631,1.340080990178086,0.0039644073973601,0.0071102851988532,0.0037818097032339,0.0221922723678686,1.9104225206437977,1
E834_85,1.7944839318451236,1.9849746337571343,0.0005926516337543,0.0364297337557947,0.0307907487535771,0.0064034512559751,2.291432918233429,1
E1362_136,1.5428991318341492,2.1095197057591504,0.2820707056799122,0.0097280099895881,0.0058140124107243,0.0156191141043396,1.9560596641842487,1
E4842_78,1.941861384908128,1.6492882369601252,0.0348294591581444,0.0027954249387152,0.0009069807083667,0.0446876412920378,1.812744309360748,1
E1353_107,2.157838534040985,2.247815528787265,0.4327601474941072,0.0173186449857086,0.002322787158896,0.0154232732931246,1.7980553056176898,1
E1879_72,2.1541089039378174,1.7873964128056308,0.032685287989521,0.0059437125298582,0.0093014459708557,0.0121662791232167,2.0081492725612864,1
E2384_56,2.39453053897049,2.0645310685566747,0.0148595698685549,0.0444559822942996,0.0077679003840729,0.0003588806582059,2.302727210908187,1
E3337_57,1.904399331389344,1.3458051073079054,0.0001996621819319,0.000595817797287,0.0005380043747126,0.0167032182888298,2.7048706608664115,1
E2622_45,1.8248587216492769,1.337066961171108,0.015425850334699,0.0279716228390865,0.0073410229618784,0.0064880462907415,2.122883757791225,1
E3094_78,1.886084586446081,1.8859560032437208,0.1148042626171676,0.0004843537547103,0.0007953431150178,0.0206423476478245,2.035683772828499,1
E694_31,1.7803186274001126,1.6832943704475276,0.0040146358707961,0.0092358062974452,0.0237538666937401,0.0005663676952347,1.620261217046575,1
E4961_66,1.4964481722425966,2.2403958239451014,0.1292561880760435,0.0328120537095459,0.0165354177052913,0.0055485851168514,2.4433496336074048,1
E2284_70,1.9340926836227936,1.8921476522162533,0.0070232236352649,0.0039745226629654,0.010399838184658,0.0175921458680829,1.9505469923837897,1
E2390_103,1.790090010648726,2.042759639945761,0.5035523376492982,0.0074850760227301,0.0628208568606362,0.0053735112218245,1.800927063459457,1
E3363_108,1.69901697805646,2.1582609492280773,0.9346417963621884,0.0171438399323204,0.0037912337424034,0.0123877502834822,1.6873461370881735,1
E4896_28,2.3149950185062003,1.6287277353455374,0.0184097764918799,0.0740746897150914,0.0632157131761745,0.0206617050382777,1.4743186914944362,1
E3042_60,1.9106802240706016,1.3568814459740126,0.07740435532683,0.0114822387952419,0.0013285786139872,0.0086769063288477,2.1051807776326394,1
E1928_18,1.6912992141091254,1.8220273490106405,0.00824650390319,0.0203189746197098,0.0438658530724856,0.004141810724653,1.8767903566917088,1
E2236_81,1.704767016127111,1.5980251175131934,0.0515265877818483,0.0175953823407079,0.0017114790149764,0.001200377893578,1.7316715490143462,1
E4635_54,2.0755314289730893,1.9276733782153268,0.0007190156759281,0.0202033281284444,0.0142098040577359,0.0138551691261055,2.3061456206479827,1
E2531_82,2.373708145041781,2.2065628578670715,0.0473087797399226,0.0102440794039431,0.007130397922896,0.0204806822843057,1.3201124039020056,1
E2924_74,2.3806258116926635,2.624778178968872,0.3343866864466867,0.0015817701457172,0.0353343586932082,0.0075245323490097,2.256039340258873,1
E3201_70,1.808540440928042,1.713633177469276,0.0167452346970553,0.0070245797862989,0.0321907733786919,0.0033287930114414,1.8526652770352487,1
E4699_73,1.8420273341504263,1.4785472192797733,0.0888276404725036,0.0111939198244747,0.048135340924829,0.0474803198352991,1.8700673343063328,1
E2974_37,1.9885122649238167,1.7581930661183358,0.1067585157928782,0.1110002240923036,0.0235305193080782,0.0033287923101368,1.8581069595583155,1
E3980_46,2.710408780771884,1.846626721188616,0.0087201936019536,0.1259944516015257,0.0205798005548679,0.0313980079203328,2.3877968360195947,1
E940_41,2.0669063716424163,1.2697838860053705,0.0075910857032941,0.0223660521183995,0.0126588091266263,0.1148471986158292,1.8634014411007584,1
E976_68,2.2041107778066507,2.561949247551941,0.0119557787455093,0.0372272886229455,0.0145030391619131,0.0049439890168008,2.307413122005308,1
E751_23,1.9165906009440743,1.6583319747238494,0.0017867760886634,0.0024791016469606,0.0462724578052659,0.0530486192442261,1.5310307071829934,1
E566_52,1.6428254333586396,1.7027269000906968,0.0117352350672623,0.0026919836869347,0.0009258895549841,0.0163001615805381,2.4397284087604203,1
E3680_93,2.319038641447809,1.8756608364948744,0.0384189691828695,0.0069631488854811,0.0043735056796522,0.001531992585851,2.04945460994338,1
E2129_22,1.986445575572424,1.5077382394484735,0.0041292954139974,0.0003304923051188,0.0117588765624602,0.0138403518570736,1.4316984724341424,1
E2317_92,2.134556997650475,1.7904679933629923,0.020697764341148,0.0604367468439857,0.0079765875098283,0.0006520081536706,2.8827994505016767,1
E3019_86,2.056220094203596,1.79529140005575,0.1025075882187006,0.015363882649512,0.0073115333435454,0.006366401879247,1.8661929098230108,1
E1351_125,2.1754747861658137,2.4873925186447585,0.509504377794658,0.033689396650461,0.0057115113840469,0.0025333995435022,2.150307074634592,1
E3927_74,1.8883672561546008,1.65454523699555,0.0021767543485626,0.021522932620357,0.0489135350671276,0.0025445497459587,2.0664287784603634,1
E3382_36,1.408618638805103,1.8100268428019544,0.0342210103136037,0.0006986198387608,0.0029830452012818,0.0144110220159583,1.8983524101965128,1
E4650_179,2.097658792172316,2.0005531838046835,2.274987632142559,0.0766936891588797,0.1430409863496524,0.0233271099499105,2.3752475738088834,2
E3037_204,1.8558414822045368,1.9419990874023665,1.3769654974303254,0.4205695610308469,0.1835663846398892,0.0083925536658843,2.196691947503206,2
E3279_139,1.8761679239877789,1.821513966407416,1.6323819106175044,0.0517891422202694,0.0958021286486951,0.0081006207041715,1.7938015371915823,2
E1678_111,1.8653790291704435,1.4944449798876664,1.5867773746870375,0.0113219449555222,0.0411274058920015,0.0002574310414833,2.0479079937214246,2
E475_93,2.0429665572804083,2.205772569264852,1.4348450069759977,0.0092941164397651,0.0003723409442559,0.0559751681253357,1.487008288780292,2
E1761_97,1.9755821208697149,2.324451660219696,1.839836773573723,0.0223337281302191,0.0043113664338725,0.0066545190503338,2.253023204298416,2
E3860_155,1.6903250203593652,1.9755646047594808,1.780969216776555,0.0434502280437705,0.0214102921623119,0.0217796450915342,1.7428395178868383,2
E78_160,2.2604683757508286,1.6131113526096046,1.9257000998160327,0.6388049251401304,0.3841132912825009,0.0248542268542416,1.9113123606219773,2
E3442_174,1.952805312261208,1.4977905495938009,2.516500755976271,0.9105523584587996,0.6429521674894659,0.0612103093812455,2.3879311864419983,2
E3966_180,1.2898322067803998,2.2153900268767277,1.56497626358523,0.8297204873116022,0.6494714345735877,0.0264081333796293,2.3876103889206157,2
E4293_141,1.7813644914584308,1.719256569884204,1.8493136496434144,0.0438024227633415,0.0013893583309099,0.0409089882896893,1.721374992025473,2
E1232_164,1.491014221138984,1.855959087762304,1.4719948112576926,0.364496494771044,0.8823194903312404,0.0034408457021497,2.2866107647547795,2
E4375_148,1.89315514955299,1.6033358623629752,1.4461237038500665,0.0712540223536256,0.0114759392658908,0.0213145478253429,1.8036896517332868,2
E11_150,1.9752810809733337,1.7391444856529892,2.916946639748475,0.3874133434829165,0.3345721873821094,0.0109226032999626,2.1411958581421,2
E3807_176,1.7490527087028942,1.9237289846656067,2.025760529359609,0.5021218194987717,0.3987250491911185,0.0111133286738672,1.8865259554059817,2
E3938_173,2.197903284877264,1.9089608346464009,2.1379993223020803,0.8345917402597851,0.6219286298823872,0.0030828078954641,2.455972134960648,2
E3302_133,1.728523854449583,1.8634535480681609,1.922780880546068,0.0496325459835496,0.0549346173225872,0.1323420749436628,1.8733843936872296,2
E2881_213,2.0781924875059734,1.4465649194487742,1.8809611539591096,0.171485209966929,0.1767349352110862,0.0371560494047384,1.9562923116490825,2
E3105_213,2.480242165588012,2.3560804563098445,1.7715668302390584,0.5607428972597432,0.3642879213918573,0.0091522689455509,2.093270097359077,2
E2999_120,2.268872320244772,1.7794189423225248,2.236266613087836,0.1399229696656236,0.0516340452671983,0.0048405617915395,1.9984556493903305,2
E3594_194,2.2835607413784023,2.688820155625338,2.1455659334152903,0.0674022554784348,0.218062185846372,0.0218935511056194,1.5147600617653507,2
E4912_190,1.9565332121105328,1.7357893701508136,1.7520680667029596,0.5695751472226619,0.7941257057737038,0.003507383152007,2.19815170148924,2
E2912_102,1.9529546698849791,1.922595490759312,1.4591547004762269,0.004148256637464,0.0105554966774884,0.1262217673297829,1.9422158345477665,2
E151_200,2.326544072043432,1.8964035836513533,2.071015406739256,0.2301552376828509,0.2682390450493297,0.0026539117418195,1.7835491083533528,2
E4946_139,1.475945303382426,1.832220792297075,1.5036766197156273,0.0136189477354821,0.0162845045284585,0.0252665376433758,1.6752827155616885,2
E3724_95,2.2183018296655463,2.590459973226272,1.3135867764360822,0.0263188512051969,0.0241033341098026,0.0512828816438089,1.6157239850986456,2
E2579_141,1.7955758155527992,2.39378610905656,1.9524876873380024,0.0250662599949243,0.0084002211981117,0.0080388834836852,2.3392962997428377,2
E293_114,1.646454756952692,1.198319013498156,1.3999251808793085,0.0002690052499752,0.020748029599042,0.003618667959887,1.8235308632716247,2
E3882_129,2.314181467607601,1.4459863827688868,1.2874206213531216,0.0104977404030621,0.0017973665276961,0.0078151911610809,1.8472194764102368,2
E4556_170,2.0469737793520206,1.6338746537380304,1.8964037868124444,0.4937101604205248,0.3293523483154639,0.0219228619354323,2.7028234553400514,2
E4802_106,1.7112395287022988,1.9885619197931053,1.166616869139088,0.0293046655455321,0.000979196411085,0.0026627935834842,2.0317384911566725,2
E4766_107,2.7716122266995846,1.9474034694765616,1.76130265671038,0.0125822752241415,0.0067281906971913,0.0630486451217413,2.337577092955427,2
E936_132,2.063312101354847,2.464105166315956,1.7411059122488752,0.1600925388639686,0.0936499677629386,0.0078388054790359,1.801585212794576,2
E1933_134,2.1655964636622937,2.110481946864008,1.7183707715979646,0.0336767906837682,0.0252808837105885,0.0008889817904801,1.9812233341220349,2
E2121_142,1.4747354516338325,1.7153454157325967,1.4976861686049123,0.0333859103744084,0.0443367881940649,0.005496253561545,1.9376433536353288,2
E4667_159,1.71887299217337,2.0872912697465336,2.047808356371241,0.0108704812647276,0.0278000058695404,0.0033813875874479,1.6178342405891304,2
E3161_79,1.7638384921927766,1.137193942946831,1.5359446545065991,0.0063908276279253,0.0064494346204049,0.0203495946074024,1.76349008242036,2
E1233_103,2.2459366097198545,1.6958887977127353,1.3465581482888984,0.0320647149206578,0.0430384543253292,0.0108423058063975,2.2160979643099386,2
E4470_92,1.6944832780355834,1.9952823349703723,2.04341635665572,0.012566791191592,0.0504072882550102,0.0099093658963171,2.160712093519603,2
E4593_125,1.654324931880795,2.4252642437010987,1.950415114493936,0.0826838899115411,0.0475671562304533,0.0775513470247224,1.4030577274623817,2
E348_149,2.4039024489223264,2.50415170118013,1.7389762513317255,0.0076016897617056,0.0016991163956463,0.0082106120066876,2.1887929027196216,2
E1834_108,2.060125118100328,2.097574005247274,1.7950717231343545,0.0089803326307089,0.0263120559293366,0.0011256386350248,1.9278678431602203,2
E542_133,1.923112195405672,1.8097712836222108,2.8175988375122607,0.0197193889052332,0.0298365226196234,0.0320779393706616,1.3623851749191866,2
E4828_131,2.334521563726081,1.8473739472710704,2.3621510404041506,0.008642623708949,0.0430554857822387,0.0017160478308476,1.8307057756912664,2
E4794_158,1.5737939907265388,1.9324724585156223,1.7815383695384943,0.8628298904566126,0.7503173843713743,0.0539897505013371,2.136800134608802,2
E1631_162,1.748423319474019,1.9269490669568248,2.026560924819638,0.1466601242005987,0.1650624714418426,0.0512428602017331,2.077700056309914,2
E3132_171,1.7773083431289416,2.0285735138779617,2.108891253846465,0.0005685814283755,0.0585382272591938,0.0011449126648567,1.93183112427504,2
E3988_122,2.02010738623875,2.11029183009256,1.903602748360168,0.1270585969360456,0.041501378764209,0.0008529807944577,1.9768244662644816,2
E622_154,1.6665387135630214,1.593409375895028,1.3282920651887502,0.0401145027201332,0.047804555979539,0.0156913617121953,1.986563507577314,2
E4789_94,1.9938414577386696,2.003676714622642,1.2869960108403045,0.0038909670810017,0.009244758716987,0.0519146917926021,2.065400756315552,2
E3809_137,2.2606157787617893,2.5659364746489564,2.552192013682681,0.1182416745961678,0.0286727912097822,0.0122887088171207,1.969495365686952,2
E582_139,1.3393123362665726,2.315179200053936,1.6030395675134257,0.5221511476792552,0.4774359836703432,0.0167803243476316,2.0872323538329844,2
E891_133,2.0484310359679827,1.789972420138577,2.375762439287654,0.0416292240156388,0.0186236791209574,0.0249893646539756,2.053743023433773,2
E543_197,2.5199468668000584,1.6554883680960493,1.7547391339124818,0.6589887823247526,1.1780718175159188,0.0076554170233067,1.922741267659612,2
E1460_123,1.9540762945633685,1.813146556685208,1.1057760874706333,0.008409760373982,0.0273865808551322,0.0009232974893007,2.2658616557645965,2
E589_95,1.8999823859294056,1.7217207294344667,2.053702290142821,0.0271669076715107,0.0164879125713498,0.020454728067366,2.2763743973224044,2
E2303_165,2.1322528099889846,2.0440339857979515,2.1280862040492736,0.5620983794625,0.54932181266187,0.0039852855429143,2.5657485127831423,2
E3167_90,1.8993017286683185,1.6918761006719978,1.0176516535340905,0.0027810283027328,0.0321040474431832,0.0050641862943578,2.1924522085767943,2
E1217_107,1.5503495285560736,1.621185252181171,1.0366400669005134,0.051666001511927,0.0193902097404934,0.0046329142635282,1.4356004170933672,2
E2352_189,2.054306937136389,1.844626332025654,2.4006531862021334,0.0870808359516361,0.1969393841642952,0.0280539432193348,2.058423113620249,2
E4859_87,1.60407845444845,2.429709073665144,1.3584514922995412,0.0183633218441733,0.03833003627026,0.0062056789189187,2.106362526005808,2
E3646_166,2.388971143845235,1.6605605677194293,1.6362124230045365,0.5402431684186089,0.6186941063391357,0.0126038457629764,2.1792183896383883,2
E4622_179,2.7819323600013197,2.2099838370904443,1.8763326987729747,0.8372953559474384,1.0012353563883023,0.0028499301808268,2.101069152530349,2
E3819_139,2.178882706352473,1.2792618510621134,2.2005076807927835,0.7574408093834585,0.4237773266966953,0.0150159315906735,1.8842146862370104,2
E142_179,1.898506975035072,1.7606725853977836,2.045182613177541,0.1231750289969984,0.1212552802214395,0.0329746915827491,2.0024712375734257,2
E1280_97,2.4980164079599634,2.2642381913977028,1.2979979703524651,0.0208162039581637,0.0149749173521518,0.0033887437863314,1.4759520571168772,2
E1333_138,1.2289463011646349,1.4335496759562365,1.5241166580736354,0.0779480111027142,0.0510052565534161,0.121695524140362,1.828180673707665,2
E3668_152,1.9986731078180355,2.5279389093165645,1.9379116500370888,0.0760577074621128,0.0729328651137003,0.0019014115080271,2.3732793143003588,2
E1772_164,1.6826320705060205,2.180097040003892,2.4123914276220058,0.3578034193186848,0.3317889095418872,0.0159475526374172,1.8180246891808327,2
E2860_106,2.9805775448113594,1.6660543807545765,1.0884892590475943,0.0476597780390824,0.0485925568944275,0.033206674206882,2.3629152175742205,2
E2824_134,2.398770183164148,2.0972668475076697,2.0663667446906167,0.1619332888598283,0.1777782852021876,0.0045041984845078,2.716388024228752,2
E3259_180,1.66051751593582,1.600156025720337,2.0351524577552342,0.2972972957077242,0.5335983291029456,0.004554616260794,1.870321575623753,2
E1380_167,2.456857210070954,2.103208484120936,1.9338731617970308,0.0224143656985858,0.0207000612232164,0.0548297952514562,2.066447535137286,2
E4871_187,1.817278471918768,2.051731378075017,1.9946487106333008,0.0197899946558496,0.0509928323150249,0.0087666710167217,2.2773376932018845,2
E3530_201,1.8632081800097,2.1571302606516074,1.6347398509707154,0.8244995423773077,0.8388439278082209,0.0402773409402583,1.9157571701834268,2
E1616_115,1.8245100210324865,2.1492470983595777,1.3789915204764134,0.008852216099892,0.0233178833223736,0.0114588113595823,2.419306441400574,2
E1107_141,1.99678059171621,1.8899120783172856,1.5327230503011842,0.0167195668801885,0.0215861957570694,0.0061721944828985,1.6540485001863638,2
E2174_195,1.9830607102768705,1.3492849844440906,1.9665872457447584,0.4091577950156076,0.4137477278152954,0.0039495495156695,2.270360057076158,2
E3750_145,1.9920180382145207,1.9594007671234424,1.8259035059154405,0.0296793882369948,0.0709004692290426,0.0034921239747199,1.9014494592236009,2
E2431_218,1.6605155086065888,1.7731515174240624,2.003288858506437,0.0330393270520229,0.0287496089957878,7.339799574985172e-05,1.6110773718707128,2
E1027_153,2.2896718824781885,1.7062264039006363,1.6118834980803007,0.4578810753264586,0.3310879401101839,0.0094110811294494,1.6944928027702544,2
E4578_101,2.259692177510708,1.8882570052173264,1.7479463748253412,0.0354203074970379,0.0233306835018107,0.0071635277894213,1.5496821503496867,2
E962_131,2.140894124604052,1.6798898835424352,1.7467905988638135,0.0153910377455676,0.0017394992224679,0.0009327954812112,2.298896735347969,2
E2689_138,1.85574225626744,1.892145614995164,2.481250793367236,0.0724897712564053,0.1752046500686368,0.008239140988894,1.8476753873795548,2
E2567_114,2.1437584693310114,1.913389047078396,1.6090131917362889,0.0095511761109168,0.0099788818352713,0.027725773934125,1.718086453221375,2
E400_142,1.8215232429246224,2.2371523803789755,2.13654026263066,0.0366659935897437,0.0692860776799021,0.063548268788237,1.4977324878878924,2
E4507_193,2.656457078378967,2.094574270623042,1.5280212607073629,0.2312147530375769,0.2714891930337866,0.0766909348719861,1.7221283160889689,2
E1381_184,1.999517928956058,2.099496543003591,1.798657911838344,0.4012873361292568,0.3372436254594004,0.0020480946840282,2.197980586690072,2
E4960_141,1.341590666660253,1.8612429646223845,2.3144155415168512,0.0189202229255299,0.0364862494538191,0.0049299556928056,1.2927591936984442,2
E3962_120,1.7555898035760829,1.4384613080411106,1.482637805292359,0.0096632206933412,0.0076249854707323,0.0105675247466607,2.639414239346644,2
E536_141,2.244778261871692,1.825459143119731,2.276343788621539,0.0038455045990581,0.0138777648637605,0.0124944839901068,2.4027223473639303,2
E3847_111,1.3799618362323811,1.8520543204431696,1.5188625037298416,0.0465924972109012,0.0057624904676722,0.005912516901737,1.9661680076719563,2
E4386_100,2.064267148092282,2.430533177475122,1.5321555734372083,0.0939306418328655,0.0107411265756972,0.0056419665536574,1.9830035058051885,2
E3426_179,1.9087170989473616,1.767095263108338,1.9018105906824392,0.1836995206462096,0.2744986443882339,0.0350359848937721,1.8617533980394745,2
E3051_162,2.6931126789571387,1.7317948778433965,1.5900335596302697,0.0570117456633058,0.0527965438906759,0.003315720092669,2.3342243163105305,2
E1075_153,1.732330937994215,1.931452053321662,2.1513324224133608,0.4462131048622977,0.3819613057808206,0.0087377681371745,1.7647271220237368,2
E3953_108,1.7713608839532666,1.7768532083006237,1.50917759363202,0.039920999787957,0.0057684443981725,0.0044571539965931,2.0661631262917988,2
E4148_117,1.7416469114182132,1.69313963018692,1.7640399678292358,0.076857020501737,0.0136119112095182,0.0221353172322268,2.5799667109266715,2
E2010_134,2.4556210027579084,1.8990880822694745,1.9053682791751296,0.1530340716247485,0.0014329534279646,0.0009400516624653,2.02368128628305,2
E1563_172,2.433200598859872,2.419800103066536,1.702068592909577,0.0753102019031084,0.0219126467089364,0.0002203216292115,1.6062257849595356,2
E3817_135,1.8310276017645644,2.206280436893148,1.8434167182158656,0.02058370220632,0.087462922459182,0.0015114957430523,2.114187020755882,2
E3911_90,1.7580790827416253,1.563805355501534,1.106503620511456,0.0119151891606167,0.0233145064082325,0.0083519871755842,2.5988234613338115,2
E4959_179,2.795350327577677,1.9566338941151529,1.8910545570398376,0.0395575890495934,0.0578626670434757,0.0017616953415614,2.471972483657187,2
E1643_147,1.9815599466456124,1.7856839755392762,2.3441810138184715,0.0835930233320177,0.0965661831450385,0.0005006206945249,1.69529794926647,2
E141_115,2.198546311009904,2.261792963221605,1.0059890994350411,0.0255468470466872,0.0312180567522073,0.0106953103227446,2.112604159230214,2
E328_168,1.936640089949244,1.848488221666084,1.801700766015024,0.1111090552265449,0.2395602844738494,0.0001035248803759,1.625005689694884,2
E523_179,1.5423085507728689,2.4396056298867883,2.454050263194636,0.2674483309420643,0.3824941799685745,0.008957038127543,1.427566555668629,2
E593_202,1.87502239254513,2.059594270991881,1.909208764976121,0.2540035566854215,0.1308143320404775,0.0020278121049005,1.7129814715684126,2
E3079_137,2.454165052896468,1.7400973084352416,1.7924911583872685,0.0387326589798639,0.0062839475490346,0.0088159709204766,2.6727755551462127,2
E1780_165,1.7188257180720397,1.7079137631851606,2.0558855716191817,0.1665167168652717,0.2805237172175822,0.0003210512484432,2.398556723362522,2
E2273_152,2.019657144346481,1.8165089383278403,2.2032569532374824,0.0794425164075069,0.1439806370308338,0.0318562394989199,2.2387030530727903,2
E2286_115,2.2092909726838017,2.1663766758150933,1.9401469852621445,0.0627600109097415,0.0666712785890087,0.0065732922859043,1.972187851094632,2
E3915_156,2.8084855960536967,1.7848411484109048,1.75817282405249,0.0089042047366853,0.14673151486326,6.132715686411124e-05,2.01183757368348,2
E3767_207,1.7432953276742689,2.1673103233705597,2.064259459849314,0.3350747688910952,0.3177305402148984,0.0199510841417613,2.193078236065704,2
E1432_97,1.4382955049678003,1.3155391192677963,1.510000106110708,0.0289090320249377,0.0384598703206965,0.0008546938240441,1.6679926925305542,2
E3443_136,1.9149780891024524,1.8483565850939752,1.7599762931402518,0.0432884948137404,0.026024004807505,0.0563397666518484,2.4181935842261533,2
E3084_153,1.9976551297109293,2.150393813394348,2.29938231150315,0.0406234214592405,0.0258222661683608,0.0094142317576385,2.148742954066557,2
E718_116,1.6755087363020271,2.0224014033837543,1.8802536375084404,0.0017888695054798,0.001702156020891,0.0700859080350604,1.8644910781821429,2
E743_148,2.029147745424886,1.6642381726796815,1.2353734586800524,0.4032289632423289,0.0388150097059809,0.0010422164626192,2.373789704241412,2
E2541_117,2.1541470362901785,2.1442679640121893,1.6212233587485034,0.0341627990040533,0.0155929135969293,0.0069686254474702,1.6275122042250352,2
E3580_98,2.3135743594881784,1.9451886367612616,1.3247810512359457,0.0372885063517227,0.0404003087382321,0.0020522104851292,1.3911956112749075,2
E860_157,1.944778677912513,2.0532329999015007,1.7595510914872374,0.0145878437754341,0.0123724358104211,0.0102410239158812,1.4905504874546098,2
E4397_240,2.1153952748811946,1.7558917651871615,1.1397590191304152,0.0089664961902004,0.008598344212551,0.0328081332750066,1.8204019526760888,2
E2272_108,1.9552412937111443,2.162700506085657,1.365560023009286,0.0007828309842331,0.0189731054245067,0.0051962263252593,1.6391240206501296,2
E2344_126,2.0253493636325683,1.917632269492988,1.5516060142318586,0.0439326612208229,0.0064174394176906,0.0002065058962578,2.427650732791612,2
E3419_161,2.5068947349491744,2.2563853656038604,1.3071032911708271,0.031358286414846,0.0124108552854646,0.0202509856287216,1.7686670272721936,2
E327_169,1.7859262994138716,1.868740342917736,1.4523050869737515,0.0158316626821557,0.0277570394010563,0.0031806465454163,2.2751590315328096,2
E2658_166,1.4404703882340038,2.1968925367048366,1.6106574696876943,0.0024144635432046,0.003619612233222,0.0025035134994497,1.6195442020797006,2
E742_220,2.043929836744996,1.4382325050507077,1.83675579716168,0.0848518829983387,0.0858108866852128,0.012055572704949,1.5346491881738868,2
E2212_166,2.2108752677385777,2.0039919473166328,1.902426967109745,0.8246356950798801,0.9769255505570704,0.0015034158702771,2.37839924999371,2
E85_135,2.232898794401306,2.1960873084990515,1.936109236608022,0.0015012839685004,0.0124846085332626,0.0512830864066283,3.3825876627516003,2
E2782_128,1.712036885822502,1.584758912573116,2.3958458295134037,0.0134075785694793,0.0095004966937718,0.0140073174009357,1.4568185247917609,2
E2995_156,1.9958312936500828,1.7922035805321304,1.453328497890649,0.5312703051884085,0.7351159315750857,0.0040446700865835,2.871450147790239,2
E1800_201,1.5364619435806202,1.7343294296887717,1.4464829212319965,0.0290946796244054,0.0216156515424308,0.0012163666248086,1.983192729017232,2
E872_116,2.0558222658077305,1.8072756446905425,2.0181720518834414,0.0475446659869407,0.0145844476744242,0.0095408645736275,1.7247316924031588,2
E3878_167,2.55767415496634,2.16510145224455,2.1386118067736506,0.129260117065343,0.202035500342471,0.0032866178466771,1.6862943447390717,2
E100_166,1.895544296130688,1.357668597419173,1.6632271994466183,0.6583279888355245,0.7176152438373091,0.0474468503168752,2.2695270890788164,2
E2470_151,2.0354305340080345,2.444713950747145,1.5957798798976104,0.4046443872665064,0.5857729451349527,0.0434709490156894,2.3210827136083623,2
E3299_85,2.203347108210381,2.4917808550104623,1.2674810886552448,0.0155756910574354,0.0008783454332151,0.0054422746156752,1.8409119915679608,2
E2863_152,2.005551413107483,1.6031003931339822,1.2700569641824002,0.4096034687101575,0.5176729799481341,0.1374866456222646,2.7205329610065925,2
E389_172,2.2683221527921043,1.8922497726590377,1.5828660460589468,0.6033972332975788,0.5637402583502032,0.0015170541071846,2.307455464096116,2
E1527_171,1.8364020616661625,1.7871243526492333,1.9279330843299365,0.1341230301554742,0.0733202818692923,0.0136419338525363,1.8988962901471764,2
E1192_150,1.6235619129714496,2.029398239494648,1.6194192731254535,0.0424751716817238,0.0321533703515024,0.0046897892458781,2.7971150389399706,2
E2042_118,2.085299905003,1.605092884090935,2.118983648067984,0.0769426075839403,0.1171818456921495,0.0003442179508945,1.9201225947713567,2
E4031_154,1.60278696520973,2.0742525711236737,1.817144639066268,0.1407541953171232,0.141979073119612,0.0024811859570901,1.3776056559957484,2
E14_222,2.677191232521251,2.0488579635148607,1.3305334695721758,0.5429403188121872,0.3068506696653138,0.0051981212826743,2.43766405664953,2
E652_207,2.5636787953536526,2.1661322242793872,1.6013013474271114,0.0189380242250176,0.0067096201178286,0.0193693717978018,2.1900438517124634,2
E521_115,2.746024808521586,1.8453305172581305,1.1924672709245054,0.0158050824761724,0.0150955040829972,0.0214675263132194,2.2470459159814484,2
E4344_81,1.7724909393436843,2.827642631531658,1.1659371186942682,0.0013409699100403,0.0307192578459819,0.0356024242528087,1.899153156946754,2
E1550_159,2.755702352844333,2.116293674167033,1.708332889161695,0.0199200909291984,0.0101209331119436,0.0315858425972867,1.594267946457392,2
E1300_216,1.880234541789512,1.9296230324143508,1.6469930508667927,0.9660691281941216,0.7516872290621512,2.318587400391959e-05,1.9255925714627515,2
E2853_106,1.5988421734932017,2.5769548227432018,1.142899388767665,0.01028278433313,0.0024078478473693,0.00568062695068,1.4037076180265875,2
E2160_125,1.6179716450919988,2.2111460203241413,1.7708380822328844,0.0135927153171588,0.0128968792722089,0.0295058089703689,1.8316454172991528,2
E2743_145,2.3744023738152364,2.1664977344666805,2.237547557776705,0.1525145829594414,0.2750472766273168,0.0089654114696813,1.4691110623302877,2
E606_107,2.1026491801514133,2.209475670369611,2.1058217263846384,0.0420434467988357,0.0013113302424731,0.0003975393679064,1.7200233704444263,2
E2735_124,1.8008646599563682,2.216642205248152,1.5858194476553538,0.8649822585993374,0.8406250424390295,0.0003006873112168,1.8717059683740176,2
E822_221,2.061744764529254,2.034812625844169,1.531422242072784,0.1546578151104881,0.2567929900132209,0.0064483246239328,1.675560043902324,2
E958_106,2.3958960384170784,1.8314181126241336,2.100488465171556,0.0074765456615154,0.0151293629080603,0.0823742368159791,2.18261325009463,2
E2964_164,1.8327347776080016,2.040072770895264,1.6713284265590405,0.6900349477231789,0.640923022022308,0.0210894201052118,1.3801459369259848,2
E1230_160,1.7281022178447762,1.8459115341776,1.5390789090661194,0.0069977985858738,0.0527821838102599,0.0139189184716009,1.8577734931224483,2
E4506_231,1.6691660053417094,2.1454689460850385,2.380985442740438,0.0030102487572027,0.0417740284312282,0.0157687635823048,1.4887244705494749,2
E547_133,1.6719484433207,2.4744167689498204,2.5003151614590697,0.0007011897648395,0.0020653377533846,0.0170347258927879,2.194874137021728,2
E3153_189,2.0177422676357777,1.717427901872248,1.5446772080470594,0.7282145821589362,0.6132022007612746,0.0137894684782809,1.556506611903583,2
E2716_172,2.15335386011772,2.228004343059132,1.8557029945905568,0.1690277668627565,0.0248446083283284,0.0189805781288717,1.5714481286955382,2
E1958_142,1.81745969967864,1.9698200189337625,1.5401118528140518,0.0064527170985657,0.0037342492976826,0.0693945624137635,2.3030886380843123,2
E4169_120,1.7398451473990264,2.4158601398005053,1.7695266659475486,0.009483408062374,0.0056630409306263,0.007306846099386,1.9558196723010408,2
E470_109,2.1191820650610733,1.9192187776553893,1.8932644346228904,0.1499420454873744,0.0072231861079636,0.0290457964039121,1.7591048897078692,2
E955_91,1.7178646813867513,1.7213937591362367,1.943062679903727,0.0003506408716491,0.000885021816237,0.0100713769133598,2.015504382139224,2
E3812_146,1.714037133735945,1.9347435727629607,1.1564421468406552,0.5266046032472493,0.8348063146509819,0.0018624600856371,2.1353360146076312,2
E2473_137,2.0030543220565407,2.2293916802798,1.8860212319743084,0.0789552049682425,0.0817356690072137,0.0059396243040262,2.2342018385412405,2
E2784_115,2.163309220822656,1.4549769176957534,1.136983450085796,0.0081436031261365,0.0250135785431199,0.1174838020827374,2.2015629424378416,2
E3571_138,1.9134850934067875,2.268259866352334,2.444816571642838,0.0221268333323741,0.1135066009513676,0.0031473189522729,1.6853482840694016,2
E3333_77,2.150711510807671,2.164197180091551,1.2634286223681015,0.0097088996066691,0.0122879936307212,0.0154719636997956,1.8304675345545929,2
E1213_98,2.369101884534854,2.168744163515245,0.9616518588044152,0.0010990671943017,0.0839851343945333,0.0035658969210229,1.4048842664256282,2
E3712_161,1.586770580165518,1.7836211934883537,1.4262756439654312,0.0337002435087067,0.0054155392421405,0.001711201862717,1.3711107413664771,2
E2311_155,1.8993672278619933,1.7257807120455082,1.4336975242098655,0.0316194645404063,0.0027106951019887,0.0038463974648467,1.2428170726489252,2
E1235_154,2.18494657982222,1.9971250734002712,1.9502782656659352,0.3060124231175892,0.3276972065332213,0.006547131515106,1.5207430363249332,2
E1332_175,2.210047129557717,1.533568533232262,1.7116981786437735,0.7009666951476115,0.7399878956533809,0.008529999828022,2.553592798050128,2
E3758_97,1.6255541306950396,2.425600528032305,1.2174400237777414,0.0021740127435324,0.0033404432776079,0.0059165699613917,2.3421702885790348,2
E4736_85,2.118424573139139,2.007803027799264,1.355784476087717,0.0517421318518495,0.0291378473974121,0.0083406960339723,1.2877223951825914,2
E3304_132,1.939739978888588,1.8842475313970328,1.59766550871254,0.0038067970936127,0.0027711580866769,0.0113311176838359,2.135422656664941,2
E2018_183,2.039383274027795,2.1214489230156293,1.695311605793596,0.0191639668774362,0.0908921987166014,0.0676003500717506,2.112972028868,2
E2726_119,2.6444937337366734,2.628341835736276,1.694876200449866,0.0294716221286256,0.0025337788752248,0.0024620648994557,1.7578698587779051,2
E4630_123,1.8007876002004315,2.2468092985897323,1.828046963988416,0.0005179700241772,0.0056661924142905,0.0289271191543559,1.9654743117163551,2
E1595_121,2.2205010359688857,1.553085736801625,1.8407784740268127,0.0128663492131442,0.0065918200980496,0.0014571526048654,1.6020521049379337,2
E2786_173,1.8344201591865728,1.968358239868828,1.8909573854080648,0.0185009804247767,0.0249303862233821,0.002508320984265,1.8452130355888416,2
E1942_140,1.8489819669605048,1.4600321760521495,2.0352053087531483,0.3997662809139289,0.4784070403597906,0.0035746548199865,1.885328557933356,2
E4411_126,1.8710851879408856,2.151638803529265,2.140891563032268,0.3556068195542454,0.3062882615384675,0.0400768409395607,1.8954420962775744,2
E560_102,2.0063623039135896,2.369975861652978,1.2673144193454489,0.0664038366572899,0.021075352548606,0.0222817965354973,2.0206632012008123,2
E2505_224,1.6861515851346067,1.9539849514216752,2.394028155231511,0.6487788943774065,0.5193243090359586,0.0532683389160359,2.2340613827652427,2
E3727_172,2.2016972273867967,2.11287319220364,1.7160102428295247,0.5971271313155654,0.665598082384153,0.0002720821840978,1.8494163514061108,2
E356_115,1.992745629867762,2.7183354232956414,1.747929662483614,0.0485707451211121,0.0045522409816214,0.0320467503680372,2.8582835855279902,2
E823_135,1.8405794642803115,1.669161956934072,1.85708708149068,0.0119116380945256,0.0041176359070383,0.0013592736651497,2.1374228711026104,2
E715_190,2.007565237445555,1.4889538330995142,2.0182723492768133,0.4329073529627077,0.5146773175466559,0.0125449460245249,2.040395819899233,2
E4385_111,1.5210888704948744,1.7706006792431923,1.3074264691318114,0.0029319567585317,0.0145634447669257,0.1955596042778502,2.136688460685756,2
E3040_161,2.269282275446898,1.8790260033255377,1.964627930627212,0.9888569984769664,0.6539629704223688,0.0121991928661515,1.8415774601616632,2
E608_159,2.425596859964158,1.5760759391606656,2.0543642273614284,0.0271674809390385,0.0153273828246199,0.0073239527831844,2.266679680239069,2
E3706_121,2.4704568757251413,1.872513001168168,1.2457852980539188,0.0272473265914788,0.0066458405986197,0.0108152541458773,1.8954786167562947,2
E935_163,2.1834069783197583,2.16787144577345,1.8921185207812063,0.7345605965501973,0.8068691848738289,0.0391957322291373,2.25868357062375,2
E3041_156,2.063660147281704,1.9872657053771308,2.164446775846812,0.0020572639389585,0.0486029914576014,0.0200694842059664,1.952428424684916,2
E2087_149,1.47371956705619,1.4120339216733009,1.7279111244596326,0.7125174846698327,0.8996051503870136,0.0178422207546008,1.5560844127825408,2
E2920_143,1.4919463615261466,1.901820244317706,1.2096066098569267,0.021418888211596,0.0158693230975484,0.0016517290333578,2.416814487001712,2
E2923_105,1.5787559009573284,2.122033423636204,1.2894885560245564,0.0924682584377086,0.1011546882083593,0.0169842239400055,2.2652899437544867,2
E1257_131,2.167754812594932,1.442114181580892,1.474073853910465,0.0150814308826057,0.0094075147947095,0.0077742249387787,1.8620797845550048,2
E4035_171,1.8902077333621417,1.9486191941729567,1.6652735681823971,0.2626984596726373,0.2303102441779052,0.006741527016352,1.8210703188261272,2
E4785_134,2.330706119251304,1.7527197070033245,1.623308904993847,0.0257498548707628,0.0161009652137335,0.0137326659842018,1.960283381540421,2
E4702_151,1.858847750470692,2.2727453409836254,2.0102919754759228,0.1478331806019456,0.1259248798780478,0.0023235025364014,1.4825088141561509,2
E1663_118,2.3043462768761427,2.314833716490293,2.289177400206549,0.0648977356101714,0.1883881646923331,0.0020323066068308,2.3786165848222334,2
E4376_132,1.883600079866372,2.2680996700818,1.747858954194499,0.0676786231142114,0.0347265102793309,0.00136020531751,2.487172303586546,2
E3300_99,1.4967199911828466,2.2030437613452665,1.8934100905428384,0.0058586915304436,0.0041587900242122,0.0040092479842303,1.7860451998444502,2
E102_178,1.645620143492616,1.885906468776941,1.7142284241698038,0.0972633017726537,0.1902000599952265,0.0234372149814974,1.8868615417286256,2
E2762_134,1.3424446832925194,2.0773022286890885,1.7409750038559264,0.0080982232817214,0.1221087723119496,0.0027751595277264,1.9484864295499345,2
E2190_113,1.4984763689032168,2.0566426101537587,1.376096545994937,0.0816634221445628,0.0074233849585587,0.0073374598597008,1.980151905769312,2
E1044_183,2.1876121042122016,1.5367005488679384,1.6094376961520955,0.4482731648426037,0.5140423289476057,0.0786635238762898,2.0931906331361496,2
E2255_96,2.133788010380801,1.7195622262808408,1.8933823192861607,0.0730352861723721,0.0012280792082878,0.0038588670749407,2.0293632244063984,2
E3450_104,1.6569395037765977,2.1429417351172755,2.042557370767625,0.0046287297508318,0.0017861297070367,0.00331022185513,1.980988448213624,2
E1059_112,2.077774710182496,1.6990633644331965,1.9864462033321832,0.0527664155569717,0.0235861792099545,0.0189313037590795,1.7145582280236784,2
E3826_115,2.5427289247209104,2.225639024008769,1.837785381589078,0.0739802756064826,0.1554658727177195,0.0076457459735944,1.7424172397057145,2
E833_188,2.2593687741954387,1.7023134211543989,1.5394554372119789,0.9178324115480916,0.6965473428062119,0.0178110101232774,2.151496646598821,2
E4989_191,1.7859592392552166,1.6625746184201258,1.8000658641400225,0.1735694649975186,0.2412432943858474,0.0209543035197808,1.9751217380743324,2
E2447_129,2.3706179776996468,2.3154605575648906,1.6839741420247178,0.0680768014135124,0.0036654270796623,0.0023100988099179,2.3740092046617574,2
E3886_184,2.312305544811339,2.37458325055927,2.0120628379978127,0.0369483574631011,0.0053019121171581,0.0039521880977581,1.6610979325042086,2
E2204_149,1.9532210664492449,1.865399134917909,1.8939503330711656,0.6383729621080606,0.6076597693920648,0.0012681069206109,2.2971287398673645,2
E3111_90,1.9122196751565523,2.489367264331772,1.7027221536326689,0.0283187573980225,0.0076175091773459,0.0075173935243962,2.4534123863867974,2
E4933_148,2.284056978946918,2.1163688800423106,2.6095007262192724,0.0445074166260351,0.048023283994161,0.0187491070976681,2.5471404316168145,2
E4664_103,1.7080074499782782,2.1436700208745103,1.1193955504570607,0.0009199808120218,0.091592787581541,0.0017508817207305,2.5346643568449228,2
E2516_116,1.857804534394372,2.186039209863772,1.1553217334264756,0.0050807042612941,0.0020112394838941,0.0208575392699048,1.895770863521532,2
E2746_95,1.6961211197892283,1.9323664586727225,1.4389492027785469,0.0056433562975421,0.1485520147872563,5.405791714954765e-05,1.6119548998803488,2
E3524_159,2.4206351615226924,1.871923395334164,1.62110575256336,0.0335167532814896,0.0009099622044351,0.0033155941652711,2.0810971315922315,2
E3309_124,2.238849714552224,2.723942445364423,2.5654978609204453,0.6058334154083853,1.0108414740571736,0.0354876826022366,2.1041815798242154,2
E2681_127,1.9477208593331168,1.5939386948495913,1.8108776224832108,0.0972015778593166,0.0001209132873213,0.0046585428501688,2.4649374576959047,2
E1382_112,1.7643362700896243,2.414295097106596,1.2255337069059136,0.0342942158619405,0.0015266544615007,0.0041343741583161,1.9621281759499545,2
E2481_204,1.3963396404998667,1.9997235060550425,1.7603700100588515,0.8886734467949309,0.8074816406019438,0.002689166171988,2.149355556335176,2
E4634_135,1.8238417359336363,1.970729822994796,1.949813963515008,0.0013384719123598,0.0004822724864565,0.0003749021892244,1.796041171986429,2
E2451_191,1.747455782942977,1.7917354871534923,1.8820602609799604,0.6009747748439096,0.7394336056074288,0.0103593355739765,1.286378518672624,2
E1559_153,2.020852655642794,2.171173767804755,2.156149818492095,0.1281938350037969,0.0895046951317181,0.0501910070526193,2.2909867280247336,2
E3370_107,1.81159870047064,2.123069567306447,1.6539061614419408,0.0026081490197106,0.0009469802909088,0.1282500536223216,1.6081535063620631,2
E1015_225,1.7779439578108451,1.856519143690216,1.7259500106095058,0.3602871120237724,0.6758603945572004,0.0014637267736215,2.223710978984036,2
E1472_93,1.658338401604174,1.641055208687613,1.122536358665834,0.0010403507284421,0.0004982711968802,0.0124295923262406,2.2008147069988686,2
E2137_160,2.0051050430079536,2.4668747627921546,1.1156634517564052,0.0055773653753959,0.0272662115286342,0.0033926240967787,2.2660645330415234,2
E4250_138,1.8290231144863065,1.8913494081628328,1.0528839075963792,0.0016098444071971,0.0671921095421028,0.0315951905034928,2.463224753012214,2
E798_149,2.594422337765056,2.017388917923573,1.3427898811200554,0.0186138143147345,0.0927650688339946,0.0175680296998958,1.8942346323975736,2
E3135_112,1.6086607652219227,2.4747503582773613,2.0878738254072022,0.0358356214163027,0.0146013796348822,0.0002360636694017,2.1244292100879534,2
E1823_141,2.379459999049632,2.3734711408629487,1.8065871643207696,0.1156256570761197,0.0597053062916566,0.0068137114967741,1.9913277567516587,2
E3914_134,1.6526162198393202,1.0906693570962969,1.4778542358444626,0.047727559508389,0.1646091538162069,0.0049778061862283,1.9254958318610949,2
E3867_167,1.600364820197823,2.029562360636812,2.375610918577393,0.6282753629871513,0.9575596617294512,0.0243328853381051,1.836306035779692,2
E4542_229,2.3474246493148536,2.010715085179492,2.2830370451023643,0.2960459315173473,0.3557164556026062,0.10304026623282,2.092468853007792,2
E2029_156,2.0665302426389216,1.5373663313012598,1.8747294775337435,0.0061859469865121,0.0030304210668072,0.0973219607205203,2.1206062679482223,2
E3536_132,2.5451790892222053,2.307977132763121,1.2195195897582969,0.0065177231156541,0.0276863232774378,0.0057280515870836,2.190275521425186,2
E1039_176,2.332847074006516,2.2655652007358253,1.621351168177921,0.0700742364788649,0.0378823376514711,0.0025885386774839,1.9278797569424384,2
E2243_154,2.161207468878412,2.329499296319803,2.6066743231821534,0.0308465223920451,0.0243978544011491,0.0006546037025306,2.670088199871643,2
E1898_169,2.0581539209887696,2.1196228346488537,2.1467628637001503,0.7616884345731548,0.5934462794925077,0.0562461072772772,2.1681536249535385,2
E3468_177,1.9947793950942323,2.062197554047661,1.876357701285348,0.201274670025814,0.3243015053715558,0.0204567312491789,2.0734078157015694,2
E657_155,1.6177365006942277,1.87165531944772,2.1976249612919494,0.7877515220312119,0.5328564324254356,0.0070763608298141,1.861875547832193,2
E2629_197,1.6940458117696475,1.7372515520147334,1.512927312429682,0.8216493081710012,0.8651781458957387,0.0130173406129013,1.88389689068906,2
E3187_100,1.9755902581003555,1.9097024218848824,1.4592499957039922,0.0624578899941333,0.035771091491261,0.0869918124894787,1.9643030338659253,2
E3761_147,1.7157349895452876,2.33740898808803,1.5266978125568484,0.1211336732166844,0.0324749903080135,0.0227892020865309,2.1573085437341684,2
E3283_149,1.9361460802593768,1.7742421233223469,1.7057920859117608,0.1794791111673902,0.140504457378428,0.0394049346731224,2.25497990798154,2
E3390_146,2.2922646229277195,1.7981123771901282,1.942817976279551,0.0983550287489842,0.0075466684263962,0.0011737220988995,1.9735825808679524,2
E1675_131,1.9976157715364176,2.1788906668798185,1.9389909138794752,0.1238370080573679,0.0239884537992306,0.0305205658287312,1.5316409841238836,2
E4839_160,1.6750173858786377,1.9459090003841728,1.9672642453238431,0.1287451893218517,0.0252478236465111,0.0136411484079279,2.244399511212142,2
E4724_184,2.283714597189106,1.731131853027669,1.3310334505930688,0.0042812518839857,0.0152850573464041,0.0151455041340523,2.2875893053761547,2
E1177_144,2.16947176262213,2.6457147471224536,2.194067163496626,0.0116211086540853,0.0453678416239314,0.0059296697602966,2.285412009443228,2
E4244_109,1.8531019109468896,1.6914946692304205,1.4681082624787507,0.0305694448606061,0.019923039141154,0.006501916682801,1.2608750235243795,2
E986_108,1.9375205107789,2.0128210456661813,1.0008926850078286,0.019426336488784,0.0018254839980275,0.0936607491071276,1.8189511514169303,2
E299_151,2.0407682431079874,2.24707387069866,1.854305874527284,0.0024137429963589,0.1904994703160436,0.0026740119874202,2.012219556559624,2
E1291_198,2.092732209234242,1.881621206269932,1.2031483192743857,0.7476811280141774,0.8044220124412832,0.0010506475917256,1.9841163741252268,2
E631_156,2.5858176146698773,1.7781042547314458,1.601434786773792,0.3379817026659009,0.2311237394932703,0.0026100854438253,1.6789313737239482,2
E725_87,1.8906318611595163,2.364638062214896,1.7321214479363038,0.0038617525426492,0.001275193037807,0.0025840101728993,1.918743894446285,2
E3327_148,2.213812202529476,2.1637312429912305,1.8604590844367648,0.0731240323946766,0.2773270131142318,0.0082557838971073,1.739270754910597,2
E2065_116,1.871377669311736,2.4515539555506667,1.2022871491634004,0.0705848293045206,0.0011843779734682,0.0069667216803775,1.9158809802704029,2
E4360_131,1.555367482990223,1.8098318124444108,1.4548618924576673,0.1326538711640429,0.1245637279639294,0.0076518005375091,1.4198899109813492,2
E1094_107,2.0408406263663794,1.8011662123098318,1.6428424667717965,0.0633169354961645,0.0685285743184922,0.0057400060011478,1.5693940075517028,2
E640_159,1.478404802368238,2.1351692398644664,1.3713803153969322,0.1165784815008482,0.0878221353564542,0.0043237752059927,1.6849734355875738,2
E140_197,1.6085742162590102,2.057644561751279,1.8663220370917668,0.1486697509804311,0.0320702175053236,0.0024540591072368,1.9703032705269885,2
E1316_146,2.3550608711164416,1.4728061968045396,1.6052648859229035,0.004623045778192,0.0023933187442993,0.0371674109722847,1.5414049919780193,2
E4262_141,2.429940947024416,1.4085102534656504,1.8547768205110435,0.00586304810967,0.01809672380529,0.0317642035956064,2.7086893719125715,2
E2175_122,1.854528184968556,1.7152952489833326,1.2538424401184185,0.0079629285411997,0.0583490380657831,0.02366619316972,1.5879493132956937,2
E1896_136,1.8229742101412536,2.516239217568713,2.394637374820612,0.0461350580642051,0.0107679417790388,0.0481275676019432,1.6995657400810935,2
E3576_88,1.7629731072810089,1.6103963694714565,1.9646075415142548,0.0259971872327435,0.0173608013604064,0.0054975948583272,1.9689422638892495,2
E4258_132,2.6869078136051745,2.2885244499224475,1.2867580805678758,0.0066265584631083,0.0056039185584814,0.0176537866740393,1.352642818824163,2
E2917_160,2.1070954947391978,1.6393539780532127,1.7902705706458797,0.0113871034222629,0.0389146835573589,0.0387811105652718,1.7962115279737731,2
E2690_113,2.237469622898417,2.0242477808090107,1.4725536927665055,0.0023471398757385,0.0181269822884754,0.0131344357943108,1.7690323440052445,2
E1451_128,1.6302789986913977,1.7907367036669213,1.6301715573626463,0.0109790246628091,0.0125177595464062,0.0085267445300411,2.02456820343141,2
E2858_109,1.9196052402122503,2.6981605635181523,1.5686992236540989,0.0085284494360851,0.0057134878647209,0.0073701469217953,1.8467464591755287,2
E4837_186,1.6534866754942317,1.9477785659051912,1.8450345488132025,0.5364336244075947,0.5961713998991386,0.010351186925228,2.149061854732623,2
E4054_117,1.8666444607218105,2.3173684501560867,2.306729272375002,0.3477734926294344,0.4402679047264755,0.0063854182373047,2.5247144833032946,2
E330_147,1.7389348720179036,2.168472608325488,1.6122172879623546,0.0065679911500233,0.0140842841556451,0.0498474303979291,1.9990312382796391,2
E338_130,1.92717076591922,2.6924489344621807,1.819172158310748,0.0790644113686554,0.0095077197882397,0.0006748760775717,1.507418027196875,2
E1282_202,1.6179945401565032,1.7937691434384957,2.5189091379702004,0.5060445304405272,0.6319753839746673,0.0602973746397024,1.8821363849680128,2
E2382_127,1.433118988149939,2.5230067732105086,1.6670909102072438,0.0387712229319663,0.0071996721874279,0.0364092341807822,2.259129220377784,2
E4126_94,1.6735751691117131,1.8155911815033623,1.4584489881095726,0.0043192186650737,0.01256873175084,0.0043515178541111,1.908892964703913,2
E2870_169,1.5340302246156967,2.1371379595217457,1.6692578117354495,0.5124600255386202,0.7480162786968327,0.008667807949948,1.9386505063912536,2
E144_129,1.7391883635914671,2.2605774940236087,1.675256543320936,0.2945842077751766,0.1807937754813273,0.0117142494567812,2.265642850918571,2
E4203_126,2.2611536772779326,2.960981775604284,1.1156421174738569,0.0006310179043622,0.001618200778763,0.0056558180617662,1.87228829767926,2
E2763_80,1.7368607702005068,2.4417064328523392,1.295452886910686,0.0019508727634921,0.0033621729893983,0.0351465331726966,2.177058559380881,2
E3876_161,2.1931739502897574,1.9628953766709527,1.6653601205796948,0.0140967368310953,0.036523581513113,0.0100350743833341,1.4355321320224257,2
E4636_144,2.3326116683444766,1.7114716680258997,1.467201062926626,0.0124369987799282,0.0196656901173941,0.0221796935509757,2.0185974220852136,2
E3273_165,1.7447777280011358,2.2559899770789684,2.0070772387030966,0.7056256136910471,0.6344264115187807,0.0203336957097787,2.082388433760792,2
E1627_132,2.178382297814988,1.948753279248316,1.540235063059555,0.0048568578763122,0.0622629091951851,0.0441752572089982,1.8679023600063345,2
E2684_154,1.9302298187790103,1.8679262934899288,1.7498848916155356,0.3134383993421833,0.0313910098201375,0.0576409244174416,2.5693075334662794,2
E641_162,2.3898659871436445,2.1806154113205407,2.0956519490394108,0.1820158594976058,0.3283404811464705,0.0371630453446958,1.9663927897474816,2
E4980_178,2.0521382878587047,2.4456688488500014,1.3485001252267468,0.0655143688641985,0.0661291226122562,0.0082826678817064,1.6003004460751422,2
E2729_125,1.996377025159192,2.051038294788965,1.7019766245752264,0.0218522615132735,0.0011938067563561,0.0298862741737935,1.6475310849188298,2
E1484_107,2.0904060455920632,1.7832231566134549,1.5939996996292842,0.0031701526834883,0.0019212535253297,0.0054764030055902,1.5013652519344491,2
E2086_204,1.5474789285530668,2.0527762670273333,2.040225396856832,0.0539286370402018,0.0231245824654258,0.0395454888274795,2.2434406557951694,2
E1447_100,1.814142776700212,2.341125550117192,1.3144596508955513,0.0311525648285948,0.0358563475067981,0.0386722312741495,1.949404635345389,2
E2178_123,2.8798487655411305,1.703878208314476,1.365408881149888,0.0089991750072389,0.020050821334663,0.0090910665969593,1.95963228295144,2
E2972_130,1.5112289779675196,2.6598315029282875,1.8644259098489933,0.0416272725839175,0.0007269563969447,0.0097343489199521,1.2469188174083148,2
E3959_167,2.2398642171034817,2.2653290358579667,1.7971859041935634,0.0339264262028696,0.0243182098135184,0.0163459060435148,1.573004329434618,2
E4315_185,1.3954328683530743,2.3055891964912862,1.2850912702340396,0.1262158279753656,0.0723313103277712,0.066091637796187,1.426283495936257,2
E4995_107,1.997313126360837,1.8295539284478628,1.8807001013268887,0.0210961195651432,0.0093036251584397,0.0163156581365135,2.211232519916476,2
E309_166,1.7241374613987257,1.631654729103697,2.126906103138817,0.0012932017400816,0.00432100799626,0.1174377150068379,1.7312036886083944,2
E3790_101,1.6147459438199954,2.579395352090204,1.5643740009100493,0.0110910649083085,0.0189548654336796,0.0069131640429,1.849846010959432,2
E3974_109,1.7897310311697965,2.254990962108836,1.5077156723178602,0.00150187813279,0.0136470524567222,0.0018098628934068,1.903274969198537,2
E3542_141,1.872332865221284,1.7044264525189368,1.2318823435468946,0.0031491493015347,0.0055608836426479,0.0036183861927884,1.6782094942445502,2
E4305_169,1.563480945984777,2.1170718009958707,2.218099451268273,0.170622650531497,0.3657576291390793,0.0043906081986435,2.7170341327408427,2
E4228_132,2.0456249700864726,1.790461514676596,1.4175136071131982,0.014736884707388,0.0021386618168359,0.0039016235297345,2.09227107187546,2
E4990_81,1.7011890267136982,1.9735526090663031,1.3054352296380185,0.0005229451926764,0.006080135432101,0.0145843385879487,2.458460291368272,2
E3169_171,2.022830851692394,2.3279186680415846,1.9796412974434745,0.0493003124567406,0.1290443324456294,0.0105528289242894,1.857311383252435,2
E562_182,2.375289205249841,1.3287537326574337,1.6774984733029887,0.6906079614336285,0.3550182832858139,0.006014985810466,1.7263535557282188,2
E1867_181,1.8556895801516688,1.5896452591943877,1.5862129442866184,0.1427815894371808,0.2745400681473537,0.0045912781671662,1.9343959194481697,2
E1887_229,1.835680436449855,2.256176819891332,1.816468198047834,1.9053596701039857,1.6828940555123677,0.4672374258290865,1.993894933443752,3
E2960_239,1.8290186448380656,1.3656474203361575,1.8356330692671563,0.8394649390305364,2.0216540195045347,0.0266451282035803,2.498588442130929,3
E4921_203,1.8431992592275548,2.2427267251772416,2.547332489842668,1.7292256348382988,1.4613194086864367,0.0178467291187507,1.9415744282733127,3
E4498_205,2.180050695099075,2.391038692605532,1.831506926610087,2.3119015410503234,2.36738382135485,0.0163575052517409,1.947498283660808,3
E4495_250,1.5378944770269003,1.4660553889214092,1.4958397211095482,1.4745982698513993,2.6323783376324483,0.256170124395741,1.7620321492534694,3
E2265_245,1.6151696384170644,1.7403868186094034,1.52456767402351,1.7996572537535331,1.4914455838595049,0.1105160223128204,2.0248165481027067,3
E4612_178,1.6312787925404568,1.6519185426781282,1.470037057600886,2.0361617652774244,1.6819279292873832,0.0026616370847483,2.201513338541064,3
E1480_207,1.8278175011018472,1.9285674882964208,2.2819591670850508,2.051984442876837,2.14269196282511,0.0388586813887661,2.363068405757378,3
E4964_284,1.0766734250138352,2.2977659091021154,2.011973231568568,1.3278846570643406,1.5333100405960902,0.0051282157404289,2.3202143128220936,3
E1205_247,1.9379383259995344,2.5756649895700976,2.2062844869276264,1.6180400365558514,1.19253137339463,0.2447000475909973,1.7364258866231654,3
E3315_274,1.7867416238334624,2.868860737536168,1.8152744968236525,2.2591678265225785,1.2741067724522606,0.4334999206138191,2.001401308010264,3
E4600_259,1.2339312198481969,1.7867051570687376,1.9627595956570552,1.004976065079556,1.983656886061102,0.0412865467016059,2.087507503367447,3
E2624_228,2.317843021511235,1.5937214318971502,1.5123306024480667,1.5882626361283412,1.9199351846443795,0.0137463480735574,1.922706636423648,3
E4379_275,1.417124732065722,1.8523396977120723,1.7587779033569289,1.7286246439374569,0.9928715341870842,0.4895643162675464,2.109010377413819,3
E2488_295,1.4706056488266832,2.1690478905460364,1.5910814407700482,1.3327900433658004,1.7562611966319326,0.0534912042706641,1.756777182527529,3
E1669_170,2.277371055556239,2.351504270299533,1.5782796347451282,1.9975826086419013,1.9223675447611408,0.0003699892455643,1.4129242486402445,3
E2928_338,1.7651160606450929,1.71038720788185,1.917475075217428,1.1485802516651158,1.837157262517852,0.060870535371113,2.569332914736705,3
E3186_306,1.5465578797097308,2.3122282111221284,1.6184607316723405,1.524546624760338,1.4249344509540185,0.2605924933924054,1.628590236204978,3
E3064_173,1.9824954255872067,1.982041437540756,1.7911713391927442,1.7674245531895172,1.5273086610072917,0.0896839251792667,1.545845787691999,3
E2162_244,1.8930135568992683,1.929719316875339,1.7211141783013026,1.1648683428165116,1.8220270359035733,0.0206636935026478,1.937317873863344,3
E2307_272,1.0642172102431702,1.7263166075213894,1.9068013761363671,1.998061697497135,1.4454787036904615,1.0506185486176964,1.3423779764394512,3
E1251_185,1.328401895046137,1.913492209094,2.2207065027665767,2.0936561609896107,2.1619021628369213,0.0029671478968274,1.989734219868224,3
E353_241,1.6469012607572475,2.258169856843551,1.8668932045632327,0.9415905382999032,1.150744124521181,0.1160901695514318,1.5065309886883882,3
E2122_236,1.5652004771333163,1.90097729026466,2.1876759369803254,1.6532208572945737,1.9758140847077883,0.0495078970548299,2.111300600997851,3
E2075_154,2.0619755431440896,1.7245261866387842,1.813569491597599,1.3180139117318506,1.4684002058178969,0.0830735742463474,2.1353205375858604,3
E4276_249,1.2264251300717577,1.9497413982193808,1.5631365340217815,1.1204251669722318,1.8860330463028407,0.5202540642868679,2.2023664194659607,3
E4596_268,1.80542851610748,1.9011068221749607,1.90155524608708,1.6812320383875623,2.3618688083498034,0.019271400758597,1.5681478680472667,3
E4336_255,1.860677764904912,1.7795252564390631,2.3166457016882926,1.7355990553799878,2.1939214832279514,0.4628168857833023,1.5923630709083083,3
E1653_252,2.019511438005672,1.7515516445489645,2.134406435960684,1.0303794047400356,0.8785630987480577,0.0001042423522667,2.152409498458133,3
E849_174,1.9548742813142843,2.586405913071539,1.9207692142019004,1.2961584845328735,1.312135169811783,0.0293473762016123,1.8787376182970643,3
E3179_288,1.662913861953713,2.4409019917123245,1.6169290032265782,1.6753400413152402,1.6631342965945453,0.0119014592942494,1.6950990913410957,3
E2703_245,1.625439871778399,1.5576967158730088,2.220489124164009,1.4869626657233197,1.5216600989293467,0.0012318404288172,1.739436416271795,3
E113_193,1.4032713357058682,1.7669681463323286,1.7811294468978045,1.016749470276018,1.0715727796097834,0.006140274025597,2.306499626087563,3
E3725_228,1.6477337285077152,1.5542487024120568,1.277659290621677,2.1322846120400314,1.5688600598274722,0.2652463336592416,2.0229831329609307,3
E97_198,1.4149340886742643,1.5085387369325371,2.0596445593864896,3.073023878046025,2.0964962807761047,0.15129765496803,2.2018776317188533,3
E4391_176,2.095963035340176,2.103529381456328,1.8574149998614988,0.8363017336520513,1.4022778748911462,0.0062598424914401,2.237142583362143,3
E2158_318,1.2863379954683425,2.408046544602235,2.010527565955532,1.5304824908984551,1.602546612124134,0.5410707608102775,1.7526373446053856,3
E4665_272,2.569000456790494,2.08516768278147,2.149646810166016,1.7004578265308743,1.5361993622875822,0.0216702670900371,1.7492353801865643,3
E1023_225,1.7107942656952653,2.0400298879052823,2.5451477686431243,2.30442767552982,1.6096807724556408,0.0060863423058538,2.620466817891016,3
E2209_238,1.5821211292415716,2.115842474730099,2.29270804294122,1.8746946464097407,1.3882479681143571,0.3013261124699744,1.647584768983937,3
E510_239,2.1637950874073155,1.8803899556564088,2.252555946262224,1.8845995640431488,1.6285488320637278,0.0112784871375202,1.7071042767075628,3
E2396_273,0.9686239541178072,1.0620502186471614,2.3897285200558063,1.5301913010525976,1.242811761150775,0.5544547168166556,1.371282890745641,3
E919_233,1.761633572319853,1.6765911365859547,2.04567695108086,1.81411747967508,1.343151885335151,0.0006728777737718,2.1383183457398074,3
E3602_194,1.856058893793764,1.6044712487101704,1.4579438614591866,1.6165442823183305,1.9307744844722583,0.0586156912557053,1.6609040450507326,3
E225_325,2.1565401131654105,2.2355450927908027,1.9267671900413728,2.058442948267478,2.102399558187644,0.1715157058408266,1.9014625128685656,3
E4755_169,2.378908361037047,1.7333430663096,2.1417326250792743,1.566542439940222,1.4080770142074877,0.0310266044469952,1.8093056254983293,3
E4800_203,1.9644706892907395,2.4479108372132683,2.463402983617073,1.7946569099832814,1.4808650542173645,0.0017584940341497,2.0836537785981206,3
E317_195,1.7357518550043354,1.5239064279179468,1.732373773196817,1.1342083887930996,2.0787736082877752,0.0208436029277701,1.9073686791658355,3
E2479_213,1.5186991077258831,2.591868410555515,1.8060025198056264,1.605854246780064,0.9576998863177996,0.6101121569886344,0.8845533918412444,3
E863_193,1.908822225863492,2.441546062685372,1.8122321935793937,1.7695109809762426,1.7399684792192258,0.0092100053180525,1.7430910223054952,3
E1785_195,2.65910216351264,2.2727894601086214,2.161941757856855,1.433882503790414,1.346303046031199,0.0003871424310242,2.5479322391092816,3
E2611_248,1.917231159354581,1.5951180515905727,1.9640590655735848,1.8203353222882648,1.5424746897894157,0.0224759806259469,2.418303008761002,3
E4012_213,1.9207522440092544,2.1104736608821626,1.7343034542350448,1.2506215171549135,2.154469810170493,0.0403145985109286,2.1174063956603484,3
E3655_195,1.7787557327375434,2.117988385396796,1.983947250738524,1.7788279874387416,2.2171359009529428,0.0069375701275548,2.22906917572263,3
E947_231,1.3648109061583282,2.841734251575148,1.90768447697004,2.0155483216257744,1.4300308717935837,0.3606302101329511,1.5386294142974672,3
E2335_295,1.3189420245348336,1.878064707651804,2.4703265959070206,0.9852918009388052,1.3772351061599544,0.5169664748302614,1.5636289995898631,3
E3575_283,1.5729278152656854,2.4568596276370163,2.114474660767125,2.213429204528844,1.6697490956451542,0.0639234115104269,2.2351094233547046,3
E1128_244,1.7191201538219083,1.6919365007131273,1.9196104722257927,2.175830154159639,1.7266068134304549,0.015399733715061,1.69379848756137,3
E4876_167,2.346073476389625,1.7129426821825413,1.8855449860034208,1.0756791246472586,1.2590670307886511,0.0057519887183235,2.2629140324015222,3
E2064_174,2.1128346782765903,2.3998519449426543,2.2538137213863148,1.6543434618585229,1.0734156215931434,0.2299415267831124,1.888109676320888,3
E4240_239,1.8934716341066928,1.83927347388674,2.337164444641169,1.110137882197778,1.386217775321032,0.0171887608609156,1.8617636236836093,3
E4340_233,1.9282313757858824,1.4970469654993108,1.90696875472192,1.878968632566432,2.0324968997084243,0.0057726349258639,1.5784466072286816,3
E473_176,2.33443315532452,2.1646923697913354,2.118645309193388,1.9732871296848635,1.917527488073108,0.0078424473503929,2.4119071043229203,3
E4539_290,1.85215877887444,2.385626407992308,1.6814110167820573,1.5870713696020455,1.600518664870166,0.0007663327604625,1.7819184456452255,3
E3703_253,1.867412981421692,1.382143690377904,1.9694674617958428,2.0932933931652498,1.6604621854036048,0.0693334996155868,2.3262139025401685,3
E4804_167,2.2163045450411185,2.210171352541172,2.0126018205468155,1.3734239276911404,1.0853273250105326,0.1183954747257186,1.2399539984532484,3
E4991_265,2.102467589116923,1.982689604403764,1.9072424047083696,1.3777159350084165,1.9991513072309763,0.1455606391895181,1.6874203941663348,3
E1160_335,2.1843702725644474,1.5619562243192435,1.6526100885738146,1.79141583991396,1.9003634744987703,0.0137296842314155,1.6479326217456252,3
E3235_244,1.579639102493268,1.7634280761215493,1.8165791129424944,2.2056424697120094,1.5221811902542763,0.0516734824731355,1.6534013039877242,3
E2828_194,1.904302626488222,2.4571774080485325,2.1584667319126254,0.7975885654642716,1.3026003746839885,0.0130725236137649,1.7061180785743326,3
E3389_174,2.1456770294944487,1.9607862100578253,2.0269762939215754,0.9927290368222884,0.8128978566752786,0.0588767586353255,1.99889510903238,3
E2353_244,2.0535590973068407,2.1330302583762726,2.006399992281036,1.0388890480570232,1.0524880259596336,0.0016569870250196,1.9918581144784748,3
E2771_234,1.5705722891077432,2.355009664629673,1.8151592142756248,2.147022885665524,1.671589443050924,0.1955433329271689,1.3650978519618355,3
E1850_152,1.3675638516107054,2.1004903421716423,2.5802175192097114,0.8736929818373039,0.8016344250767808,0.0060259540041566,2.492781054282576,3
E2651_174,2.0001895781056453,1.3252769671151752,2.3771765297693164,2.145550227647833,1.946622553244458,0.0055562419930441,2.103888430185368,3
E412_214,1.3483814044840752,1.6548552994293786,2.5884386076382544,0.7996724794145501,1.5128532383192514,0.030956045836253,2.264232915896463,3
E480_187,2.09743843339722,1.596247802302359,1.711796691139639,1.3544600468003347,1.497306082481924,0.0041321994109913,2.383775838104612,3
E1875_250,0.8733194151864117,1.6281434314280798,1.9157834020701527,1.950238291382804,1.6514407121046966,0.1243568309859221,1.6888614198947092,3
E312_163,1.5328237964221092,1.7074728081702244,2.082503379513089,1.5095209414680963,1.3632502119570875,0.0003124798023079,2.5004601290923314,3
E759_208,2.2283785677382038,1.7206860730842175,1.5138904218301406,1.5028170586632827,1.727454843026585,0.0140264145458828,2.1330067575043308,3
E929_252,1.6294595226240385,1.8989756885159708,2.0260794715794126,1.078883836123731,2.3425987946841214,0.0771569620363979,1.9421180973493808,3
E2837_188,2.098507410776788,1.6484008876281813,2.187982698574184,1.1919058218166247,2.3482044676561014,0.0022609706976388,1.8787455672789863,3
E4826_179,1.8872504430292152,1.6828243084724015,1.885324931914888,2.2667670890375904,1.598455243796314,0.0009706674721219,2.1424766372370456,3
E190_330,1.055247846363356,0.9287793262708932,1.961944457668149,1.2178892196226598,1.9053610241483752,0.5629320220013525,1.4364431808422709,3
E159_202,1.7701753942788727,1.675668338191307,1.4078569059975852,0.9750255475374736,0.9429361787123756,0.0045327985159817,1.4669752191671577,3
E1189_207,1.237717186758189,1.972905337279608,2.0683383428053026,1.7588235267067185,1.9398409039034288,0.025432759127698,2.1140306921467427,3
E0_193,2.2112742281865825,1.3501037489887069,1.2710595061585126,1.289813061000588,1.91613091737078,0.0154058729121561,1.6639706218968484,3
E1536_236,1.3790049878018815,1.7370400979633114,2.470164867113617,1.544699724561445,1.6757887248847598,0.3564174965030687,2.0958833403049413,3
E1074_249,1.4351472369899327,2.029602138145892,1.7477758765590357,1.3779656799873976,1.4148448903178514,0.6098210891774752,1.842009812201375,3
E3627_215,1.8597937971057816,2.140522479498904,1.789630142646735,1.0408555406234477,0.9594780911873644,0.0217939869280553,1.8729913721304463,3
E4709_223,2.3989817982283843,1.548903629935101,1.8231866434638828,1.5286106657364609,1.364516866688103,0.0021994336489727,1.949025358800308,3
E4790_250,2.126568946842481,2.244234499853004,2.166670933522568,1.5635378134327471,1.4399551971134297,0.0413582638147254,1.9128676658294663,3
E3399_188,2.142801054779241,1.9691829555633864,1.7671685892429685,1.761001995419488,2.0959846202328807,0.014295215373546,2.454012917114635,3
E1947_161,1.6389233929897342,2.07452875587755,2.028683525440479,0.9879879526861344,1.1330421171169185,0.0006651448949392,2.148187957453243,3
E1249_197,2.126597577866016,1.8716280030948087,1.7297252442502549,1.9279345192323831,1.7660611833138675,0.0702938367312736,2.096281633469756,3
E1150_225,1.3318383794250712,2.1987961688237934,1.8818644564977949,1.1971957776140174,1.5004484321522074,0.4456253256729593,1.2639808005852868,3
E3109_280,1.5626137276122338,2.608444576710546,2.4404914874286265,2.538378910454452,2.2498524320295834,0.0080615963531645,2.5235594577701383,3
E793_222,2.179921019028461,1.675617320777517,1.7333419685087692,1.8170026844648528,2.193553826418133,0.0180736307068299,2.302990496193225,3
E72_273,1.23162003584829,2.4607807413432035,1.8057287130008253,2.602583943252052,1.6650062792503408,0.8145436705974857,1.1001223333148078,3
E2440_249,1.7461857199694633,1.772838492785343,1.6977615957294103,1.8895227672793915,1.178045676792035,0.0008933428608005,1.8838062247353569,3
E3662_181,2.5808966418859565,2.0242230418228777,1.9313820518268523,1.23454316610051,0.8407497233730121,0.0154908948501125,2.1284077570838886,3
E1133_156,2.181609335255586,1.901581220657236,2.2702013311040457,1.190882192251636,1.0381950187970803,0.0005257154173758,1.903172680479276,3
E985_223,1.6698265709251192,2.721244605827728,2.006440831428713,1.3594957091980584,1.693726450334634,0.2401820263630373,1.973550783850032,3
E3110_211,1.6933416187169856,1.58796972060055,2.22068359761786,2.5574671202302035,1.2400634628532772,0.1615854030930446,1.845633077104446,3
E1446_193,1.6460525572683105,1.5503507473576836,1.9637325341395269,2.131566489141234,1.1825187199838982,0.2043852848880284,0.9206817761943004,3
E4279_184,1.6170908300806923,2.049623610517998,2.1479178954524394,1.5507188885235093,1.3755802487334905,0.0443610249312674,2.0519345649577745,3
E4806_202,1.8913952896323816,2.0801054382937734,1.5007049965752404,1.8464672592214235,1.5350033459577663,0.0254128480313917,2.178306527108734,3
E241_206,1.9009722820468749,1.6450889515053917,1.8392230177667177,1.1012857848313704,1.6286631179161482,0.0225414852671154,2.15938926397147,3
E1255_170,1.7296486859919986,2.4068006575155567,1.66971080909186,1.4399746806421116,1.3157087776477514,0.0050455861849699,2.293449148794481,3
E750_249,1.3390658965299165,1.9584377245970908,2.0238317096218594,1.6279023875911165,2.0470229553840897,0.241110812078638,1.4776835984561707,3
E4713_204,2.018556629841593,1.966444294108372,2.038878690757706,1.99207569918598,1.7087071169517791,0.0154309519763762,1.7484895263335596,3
E530_288,0.96667476861545,2.0706816596104907,1.7771339977863714,1.2207357621257875,0.908808433005783,1.0277314858739277,1.4971537859482882,3
E2781_264,2.55614322300968,2.263059962251176,2.1059025125861024,1.7244472747925323,2.0797068744127114,0.0007255320753366,1.8828120951250067,3
E237_205,2.1125800504802217,2.133340642125776,2.2291940486345965,1.7246435078538274,1.7120380923724678,0.0293777043670693,1.5714457372280362,3
E3766_201,1.7274697493146989,2.1712093064963,1.4039675591813023,1.2016552294250145,1.5103239685387573,0.0298392521983167,1.9195876795161693,3
E1633_234,1.5452815332108956,1.8244298723724903,1.9950621227978425,2.2070310638513546,1.4562983182531368,0.3104524234623047,1.4720620200864465,3
E2736_286,1.12870255954852,1.46726797102723,1.5086484919989191,1.3314284089509516,1.505431561993635,0.2768823525229036,1.6293580395338805,3
E729_327,1.432734389514608,2.0153118374096484,2.2029438037819484,1.6844492248864391,1.595582550286266,0.2916111279922344,1.8549991621041269,3
E1500_219,2.040756780516044,2.189761228124972,1.5880348428457824,1.631868709962451,1.0219048402791682,0.0485042111750696,2.021888811003647,3
E4045_156,2.016814249352818,2.062206374909669,2.652041464348719,1.5883741330119656,1.1384591785294491,0.0060959997754609,1.9814262286437552,3
E4106_208,2.078540679574348,1.7029972419408903,2.057521358291736,1.1315821536994446,0.8991830271266326,0.0186693066483093,2.8587334148822507,3
E3237_226,1.551191848316941,2.191315518898705,2.6122570761129955,2.163888095494632,1.7442982861111125,0.0246819843384091,1.9386141242551769,3
E3895_200,1.7733020701372382,2.054827320864121,1.8802958979323423,1.541272726515979,1.8900582951332068,0.0867361247176,2.147518314687173,3
E91_132,1.6061709486365388,2.180191448179785,1.1624905941239037,1.3834764734785927,1.0305446966288243,0.0021129515572154,1.562066402129769,3
E4560_208,2.156670708114392,2.347478272168184,2.1561095455409127,1.6710484419441578,2.1828931782942216,0.0054798764799046,1.7834762082014146,3
E4497_194,2.044165672306762,2.4416314527471967,1.9542655070603312,2.0142990207837377,2.00993362783954,0.0613169511882959,1.8032969045024487,3
E3934_421,0.962195008144914,1.6832798689826078,1.6225740127384254,1.4059637026732497,2.235616546320894,0.5310782376008754,1.5495795885850454,3
E39_174,1.8536783243733503,1.7883202509821332,1.4631232092026505,1.27826411825703,1.3682329116590457,0.035705381525535,1.7421576587873158,3
E2875_241,1.861568598826768,1.7813552284382346,1.4227162488497218,1.77641613221524,1.264422806106544,0.0507399600494452,1.7995055660856274,3
E122_243,2.1060536765051263,2.395059242322517,1.821611928585076,1.6843951264406192,2.2601003435611893,0.0040042553081967,1.7591392707021032,3
E2908_202,1.872246190688842,2.028048802164923,1.9660024390254431,1.1990505607206678,1.0145691878039549,0.0260030053129535,1.8343770081914883,3
E4333_178,2.214149503051168,2.3208589292336206,2.0143409436562427,1.8872148551047847,2.2383039582369064,0.0950238951105431,1.9756026285214947,3
E3282_255,2.1406063766297496,2.479671064735776,2.200944369312255,1.245789618428874,2.073339709738406,0.002708260658658,1.7041752787765063,3
E4916_262,1.6172590354456808,2.4319819613637854,2.2622697223728694,1.114351470667242,0.8892985701141864,0.0328329539397909,2.0440140684381696,3
E956_262,1.273735383910542,2.097143867901988,1.9458306040862847,2.0113219682665253,1.6292612769787966,0.1079214750048852,1.4922137685917205,3
E2734_317,2.122072157732902,1.9364019655013969,1.8413821303598457,1.5053676090982506,1.079767669148171,0.0257298698477834,1.7935691694598477,3
E3409_250,2.114892803548312,1.6103555200736228,2.3298633459675826,1.1776268390357991,1.2562861446617886,0.0005367419410777,1.5203503022579778,3
E3755_198,1.641834756549548,2.055479228804342,1.7543484561362344,1.2488671298759166,2.549320539408636,0.2223791709615684,2.120441954787489,3
E2123_277,2.3083798214568634,1.9910711403215693,1.212187979464231,1.4158911492591153,2.0594427098449746,0.1563025659742565,1.4437718104701969,3
E398_224,1.7965575116274308,2.7091552862580626,1.7490938191822956,1.858213579751765,1.9524855779680024,0.0020616636621708,2.037306938176282,3
E1625_260,1.7611430952615437,2.2456613666502983,1.9183511908657025,2.1013446463087377,1.231307382466856,0.1278164623453632,1.7715776490423598,3
E674_253,1.6563179615545591,2.2374203288266323,1.5887891915441337,1.6909943279807818,2.10906779822356,0.609113358296427,1.0131900367282434,3
E2838_230,2.5559698978548844,2.0856128657822817,1.9437270669706608,1.5166693330981629,0.9122356312847208,0.0187905323877758,1.8986630239105435,3
E204_237,1.0205453702493037,2.349305036440836,1.6199970433473934,0.9311274716798568,1.407062891089946,0.2811967347972234,2.0778611669210503,3
E4987_288,0.966904949339634,1.8154554810295345,1.9612334997928087,1.4795286608245997,1.513438556451416,0.5473859559911821,1.6371255213671752,3
E2507_197,2.2881929306786994,1.5884438497851985,2.4197328945537184,2.1764862702293457,1.6452560439684187,0.0114768610935379,2.380048258023689,3
E678_188,1.83840519341138,2.145023634199301,2.28978990513102,1.5184427431712972,2.2607539165677704,0.0043964925735961,1.7078408069922026,3
E2859_207,1.454444577176916,1.9735521536544007,1.703126951325285,1.6780822729909644,1.898252758682764,0.0832945605277803,2.145159456082689,3
E4851_227,1.010351736044164,1.9375799387822843,2.4184955912007644,1.276993957199134,1.390864993218794,0.7188601848550528,1.1484108088164902,3
E3870_236,1.254097789534682,2.425844314565898,1.9894150209587336,1.7042965519663968,1.4799270540275296,0.5808618340045614,1.5672282097797543,3
E4093_256,1.176164823291998,1.7891387771173948,1.8726631914971497,1.8991754398260108,1.408579658338741,0.4965756179820967,1.3048399533463608,3
E1155_217,2.3932484140790926,2.1659915296197365,2.6483811791125533,1.1394321165104595,1.0287063319421708,0.018374251333114,2.2800241009801097,3
E4812_245,2.029519190766229,2.0468038831332054,1.329972924019056,1.994737282505148,2.118032812215465,0.0526525307853494,2.299438389808751,3
E925_193,1.7717819017498295,2.193904222920368,1.7514769962759509,1.9489427668939088,2.1353296494493432,0.0188322528201392,2.048659056744031,3
E2139_226,1.4488903553351418,1.2237403673659772,1.9870121572897856,1.2767574334624676,1.5962341024351876,0.2923705012809473,1.755100860649046,3
E2062_197,1.6034612221261868,2.149380655322977,2.064497537448508,1.0006670023264177,1.5700327877796678,0.0055606794958929,1.6959705331421069,3
E1236_290,1.0817376044587343,2.0609746499343338,2.1265303193293734,1.0732171278345652,1.3269053767812893,0.1739347024938321,2.1880331768878856,3
E4883_240,1.7506538203884336,2.538563993928112,1.7773274183514942,1.0885591814593,1.2738212618331357,0.1487845956171089,1.8975112746394207,3
E228_183,1.5048001819100305,2.4513727316349945,1.861851393983392,1.318285981015986,1.6158966196494895,0.101942492179516,1.7170959623148236,3
E289_304,1.374474405306531,2.232978276291925,2.422821893751829,1.8493467622342383,1.5522724627555893,0.2924635479002643,1.8062990794943985,3
E3522_252,1.635950694110587,1.810132043962967,1.88067443316562,1.8436199202928427,1.6279667712500303,0.0321013193902945,2.29258238840264,3
E3224_201,1.2988896115210573,2.2998953671072004,1.8038345702779648,1.8624373086182944,1.0445293142057055,0.3853817114255318,1.6081178493976416,3
E3076_197,1.9892878207927367,2.4413199030920505,1.6074176711268688,1.788606493606918,1.7869061577450212,0.0684020146133662,1.4910971861917808,3
E3102_223,2.3979230826479707,1.997277863711172,1.8813276490385469,1.7649050760102696,2.177768778235536,0.0072802471289562,1.6721033530965914,3
E4380_181,2.3359525363688305,2.709249313202365,2.20090012106212,1.6930594274534965,1.4017565864874395,0.0011745625291781,2.273542239298453,3
E3705_196,2.14491936027747,1.418868554793464,1.5556630520142634,1.691769755661142,1.237674703346484,0.0437617796175908,1.8991636980487527,3
E2778_222,2.1644831982253567,1.988889908249242,2.1970032740763803,1.5834856557926988,2.006513980747081,0.0166763605405487,2.127373948537286,3
E965_251,1.9359995627319533,1.6273561188670236,1.6316015128033132,2.380050774463046,1.6161570995283867,0.0274271322614574,2.127320458750728,3
E4060_185,1.983632027648668,2.219435558164433,2.0782013532191788,2.2596414089005563,2.263093082547293,0.0181742113650157,1.833616913601604,3
E4502_207,1.476477403647099,1.9184764930322704,2.3991018781076945,1.881058134325356,1.25044540920707,0.6435965013159209,2.490134304912752,3
E2561_215,2.1449492082858543,1.865759493861208,1.5163409285091412,1.3712997080550908,1.6818385810845655,0.0002364141732608,1.6137499541483695,3
E2332_265,2.507372720188914,2.02061309037709,2.735741027181472,0.97213513893763,1.1705782949050216,0.0249804466364124,1.5828319894589122,3
E3175_217,1.971046531390624,1.5208109417948676,2.195398605401751,1.9125645487999767,2.4620964935913454,0.0036100970438017,2.5799741531490348,3
E196_194,2.3864134712107816,2.0127610182867204,2.1917491258053667,1.980476282523287,1.5633837292738153,0.0151025639956093,1.2207199063680685,3
E4392_270,1.248355198080631,1.8944543169146624,1.7727040267139351,1.4901252874081132,1.3255875282571157,0.7647590736747659,1.2991840503052283,3
E1760_238,2.005270699102945,1.4960362123574569,2.0119926002833903,1.3301051388144187,2.1114809916258164,0.0137975455939471,2.2991148153582435,3
E4368_237,2.0295151064811403,2.4027058648631603,1.7948915444407652,2.0504161637411698,1.6172823325360126,0.0423331303663321,1.3445273624943426,3
E2240_243,1.0801855135692169,1.894042410755296,1.8580051435338008,1.6309896726443875,1.792755397281081,0.5017058464694072,0.7992931433080182,3
E2237_273,2.235474493959134,2.5249066968443845,1.4923649191569863,1.888638750365624,1.5405437332741707,0.0110396515672226,1.973891071994408,3
E537_182,2.194238672010663,2.2821200936106645,1.880837723583876,1.9990462521492616,1.5815635956209655,0.0768478090381878,2.3901413781623018,3
E3715_280,1.9043508265006064,1.562720927156162,1.7841729487331068,1.2647669944208633,1.4880648887464136,0.0226716624506678,1.6536688474723096,3
E1117_210,1.7730937465007586,1.6604885255578383,2.171749984616873,2.115145755141929,1.6581436865058672,0.1045785750057257,1.8823565394117936,3
E2566_164,1.7779389087568918,1.6166352722467616,2.312299931589767,1.3115277519676989,1.1568516589610447,0.0444267453104525,2.374156072035121,3
E3804_177,1.960440385389036,2.1088429620099483,2.0550820520981907,1.5156917493427875,1.6461107449082208,0.0313876339297243,1.9384360717740712,3
E3156_219,2.129920524099137,2.050939355866479,1.8467479625602312,1.07485937515239,1.0906192532717631,0.0261310320432869,1.8950661416796164,3
E4641_202,1.0108980967988406,2.03857638824384,2.1842528919784217,1.6720588443431708,1.845118900849806,0.5961912981877358,1.7815949980432964,3
E2461_171,1.616801305956974,2.08184912558437,1.5750950977944085,1.638955814695583,1.7582750157089528,0.0040055488245342,2.0321083893978664,3
E2192_201,1.3243883923595057,1.7795556107972368,2.2260072246259224,1.8854197283263583,1.4713091194927563,0.0595082102498851,1.7555119528724814,3
E1058_222,1.7192609007533213,2.2364496565762666,2.25224418038444,1.4178281384198392,1.273943114014295,0.0202949700278854,1.8290199807337089,3
E4337_224,1.934021095268536,1.6966611461039576,1.7008117440371249,1.175793463578072,1.5601943839929655,0.0074880805982791,1.9848715551407583,3
E4614_216,2.3454934572184816,2.033379369529797,2.3322161012772864,1.9664167469724745,1.712834868024103,0.2214220522142582,1.631104575496276,3
E117_229,0.9174470080251808,2.1826761812786017,1.8879853679909469,1.832558917094672,1.3767033757296434,0.8598815663099939,1.055879220450934,3
E4567_210,1.5555856513268838,2.097411541808019,1.4644737477400611,1.643315534994208,1.8138307259093047,0.1094428764458122,1.8360631429342569,3
E4157_245,1.4055672470446765,2.3578340277508616,1.5695239905002902,1.7109492181149355,1.7100249405497032,0.3013530737853073,1.362470459755333,3
E4056_212,1.1045359363434255,1.715508404858616,2.098962985804484,1.162969013306716,1.9053993494362027,0.021821293116916,2.222367841231296,3
E1323_201,2.053311369125338,1.6087261742692016,1.4271422407908978,0.9730446309031142,1.3659658431494646,0.0050847591161698,1.8785956949396647,3
E585_256,2.3484313500477274,2.0277202045984306,2.199956266815977,1.7646338427179866,1.6243472892775253,0.0227491724020088,1.5971639765708598,3
E1180_199,2.1307187139233954,1.5441042499013091,1.8866544887437704,2.081935900695928,2.405232033563395,0.0272267221551616,1.8397231243046384,3
E4811_238,1.026145320897392,1.7227361268140668,1.5687181019090757,1.9045025360462988,1.3787534535050447,0.9874607580807764,1.2999462646050948,3
E3332_246,1.878996276919432,2.061167302185744,1.773878543146444,1.7100078077608958,1.7124599565452692,0.1798621612968405,1.8251007908276475,3
E4414_159,1.9075685291867748,1.224847016818949,2.346075564663908,1.377537469591001,1.258996102867208,0.0258756467503093,2.1346742317521232,3
E1841_216,1.5764911078613777,2.440237198293896,1.566093765296366,1.7384826839022145,1.6979174885953658,0.0246551217766188,2.6035435843323342,3
E1541_180,1.7851476015196972,2.7892752875349838,1.8419139876998127,1.8438477531231063,1.7529489916066792,0.0041983517212572,1.7079440432347912,3
E4930_261,0.8565562977219607,1.7733819986714694,2.675605988058672,1.8261296203131867,1.8492875031428788,0.4226545129334791,1.5367931165655155,3
E4135_230,1.6136871459563584,1.6260401614019022,2.3448754560042397,1.2080991261272735,2.2405560442435344,0.693141780589986,1.5336859010890305,3
E2754_222,1.1614994355401391,1.5345033491358546,1.745032759036701,0.9826393127303572,1.8860038340367085,0.0036232444282142,2.0536632572514306,3
E1564_170,1.8366446713298608,2.2694046839861968,1.8052347761766951,1.7101850064766488,1.3923666192767874,0.0013018090075308,1.5918461052110011,3
E4623_251,1.5807434012887858,2.2337972831367674,1.8922244512707875,2.061402231927348,1.577578920230305,0.0276929031654654,2.667212386133037,3
E3053_245,2.028547108144075,1.8663803464058664,1.651061232135797,1.7854395636500755,1.9740695139344568,0.0158722680584152,2.6181322661034705,3
E92_181,1.4418225384478818,1.6593425671523232,1.7817266328664751,2.06796649834918,1.7685517118951997,0.0014346624435961,1.992616047192768,3
E2141_275,0.6227856435830476,1.39018703727519,1.715045637513271,1.5925296653551984,1.0358544325048595,0.8834002844809808,1.7470943939725865,3
E4489_202,1.871796887336239,1.4695921153989266,2.4377475060860285,1.7482978299031295,1.1597243313881909,0.0070720467730512,2.511881212288975,3
E1317_275,0.9117553928604918,1.9107117230356256,1.9235888287115024,1.3392507280511772,2.2125253222603,0.0724651761628826,1.905563847059008,3
E960_200,1.7737232766110882,1.7869544374310458,1.880793154528756,2.502385576281511,2.079591187231062,0.0208066033398009,2.0237417987538797,3
E1885_211,2.194141233938159,2.7393734235994573,2.0004485625113,2.4505077230089274,1.6118570422207192,0.0114830529548412,2.237651743065713,3
E4428_213,1.1321075220386163,1.9339620425943205,1.3416523887813878,0.8537292997295295,1.0933231727067458,0.0069165425363811,2.3926891366019034,3
E1103_212,2.820840150620637,2.0970159954542216,1.738565746430328,1.7110750046730676,1.5095503414846942,0.0041452030097089,2.570493151483984,3
E1730_216,0.8928615279257206,2.077379511842381,2.207036360472346,1.7723151319918982,1.3301283916911752,1.0260222635748926,1.2906636117695884,3
E2211_157,1.5590116688914075,1.9044991282881176,1.4606595054363958,2.530046269384954,1.3398652006598255,0.0087048351214984,1.5543930519200688,3
E3920_276,1.8260611871425985,2.114040182424506,1.8939506791019856,1.5893301287348616,1.3227676316493189,0.0593297221438566,2.149481656661872,3
E447_264,0.939255668057357,2.3092136472086326,1.863169990422757,1.2459666909131144,1.282901342928238,0.3291438291835433,1.5701573799459787,3
E3243_252,1.0870516119755482,2.040536615430373,1.75344865362124,1.4415945086319333,1.70468891626443,0.0467975240563109,1.8467798772607773,3
E2354_168,2.132671921427958,2.172918641576604,2.1471683683002407,1.4171229853108591,1.940732245481109,0.0189933588748377,2.66174035968224,3
E2617_205,1.6245299303381855,2.722642882741731,2.2915386457675857,0.7987255000068604,1.0660280549779693,0.0050867702805665,1.9885178965693384,3
E1095_215,1.5894272043594382,2.4133617394922946,1.5064071075164842,2.344767073707336,1.3486427244887396,0.0109258710790452,1.4034900535304782,3
E1586_149,1.2849571981810008,1.8363168254434064,1.9401883346738853,0.9087329644405078,1.0852223741767557,0.0087540600667575,2.125270516375286,3
E4431_218,1.744484599889783,1.7947143663059466,2.2464850319927345,2.535133334688644,1.5971505341040746,0.1860428547113374,1.7332798262872235,3
E2677_224,1.8669098714174333,2.5704153050700573,2.2090113999130185,1.6971143379600355,1.560861986340627,0.0087981527337346,1.6985754790643086,3
E4985_161,2.8852567031746985,2.083289519467276,1.804749190543568,1.5325853221271084,1.1465324849590293,0.1147948671832883,1.5467098223628153,3
E4356_191,2.6833540602203665,1.8867574362031632,1.8310495785543408,1.7125590067952072,1.8475930206075464,0.0299873400697177,2.0504214975932618,3
E1080_282,1.6761624023396908,1.7785092386918466,1.6591190664569777,1.291292124540984,1.7675211027215332,0.1602797377223894,1.9575227128559425,3
E2887_161,2.2343033954135434,1.767296156444263,1.5790507111452088,1.9118478353663333,1.6009524863210034,0.0034473268557725,1.4467592308709791,3
E993_316,1.1176328987596935,2.0576839789434125,1.846647235962109,1.9813851167405736,1.1975367026342598,0.8724485168049053,1.5120438970682468,3
E3552_284,1.6991685717336906,2.360317297276736,1.8628323873585635,1.6119481484116451,1.403865492948524,0.2196429712409174,1.831144814127728,3
E2543_219,1.9943527381598432,2.152885853553093,2.169151986658414,1.6498922521238646,2.10172599455728,0.019852561205046,2.8158773304187386,3
E383_244,1.6444451661537176,1.6835588253090137,2.4282217576214773,1.9014150901519649,1.965877650137004,0.0513734992273685,1.8092714612233023,3
E454_216,1.5816175206679952,2.009668677239868,2.3332582316590766,2.2466521094336067,1.9455674196146888,0.1241846797329498,1.8182213579791708,3
E2021_237,1.0056709638579102,1.5135150527457968,1.521735195366211,1.311265453942207,1.5504883657667696,0.6915825484149524,1.4656889836138192,3
E10_256,1.4937197274565444,2.645634058889788,1.7663319750357562,1.4922274967082352,0.8319359686950708,0.4381278408668914,1.497479199171627,3
E572_237,1.612081827839655,1.842819790428972,1.554866076619107,2.199285421827382,1.686562542390274,0.1665029696216507,2.2698115835436448,3
E4955_199,1.9820803608257256,1.6793874622685865,1.5842442422040703,1.700496111918694,1.7001420157753508,0.0023331003029662,2.42881554251195,3
E2198_241,2.069207017655617,1.7567657535884726,2.153103858885045,1.430252667522498,1.9629765522442948,0.0628781346625269,1.7728497245475152,3
E899_262,1.2790474695633864,2.071056727449156,2.4007042436761936,1.091923403240623,1.7649949538626966,0.5458552231690802,1.3991434769044069,3
E2848_170,2.082769348768837,1.836224765708237,1.9701083307591367,1.4566340101642514,0.9222693520132988,0.0002253564046233,2.2913735834255258,3
E346_242,2.2701721757511613,1.4780687514423505,2.2849374697274505,1.1629287904373615,1.282892582128802,0.0260872250801792,1.843279282626905,3
E2817_180,1.9213205079961029,2.009916837805217,1.4917104430303545,1.9288636506118289,2.0993926216175605,0.2352813070721086,2.242917934814157,3
E4835_170,1.8325576816609856,2.5048620265545587,1.8116039876303207,1.1676616952658747,1.124958165576112,0.010198101818414,2.363705202874395,3
E1462_248,1.9504085372683144,1.7622224981535592,1.7382404242141594,1.4579080219827891,1.83764221984998,0.0003781605328236,1.803390634186836,3
E3374_225,1.3179265854942348,1.867584156539668,1.6627776544725956,1.2736731177435912,1.0940501802893738,0.2113654718341111,1.8427414522738184,3
E2406_193,1.94898021973233,1.521420674066141,1.9063533742211831,0.8000952865305233,1.3374483782518412,0.0067293004900959,2.042914766985565,3
E792_283,2.0566957146561804,1.9597278821874984,1.8371265221058928,1.1084512062397378,1.6806843679243693,0.0666227963868765,1.9940759315992325,3
E120_160,2.1478855873288785,1.7777287808614188,2.322974703481525,1.195612395106055,0.8386870374375798,0.0192589675556684,2.0412098064062976,3
E3326_165,2.0988181256133123,1.7801403504071471,2.4023382225133827,1.3971678196657802,1.349056089489184,0.0153008648051198,2.3598152239154584,3
E4700_234,2.0988182365355046,1.9610843539087024,1.7198814632662034,1.101950072280099,1.5363923534004025,0.1081859810986274,2.4997040859783297,3
E2691_235,1.9292140230889487,1.867951064235896,1.68422772700528,1.7741823364492189,2.0185553631115742,0.1534785299145409,2.0741023216999315,3
E4275_249,1.6555033705657645,1.6820824938284848,1.4459356913228576,1.5933760500806418,2.18708845065262,0.0038827179666073,2.2026408983165933,3
E2242_151,2.2972531686702853,2.236704924415992,2.1641239757552326,0.8561799941304729,1.0778005742798515,0.0397813263263934,2.007914487898314,3
E734_207,0.9186159361891708,1.807992620898776,1.926129564308468,2.0669776347982936,0.9700688372719796,0.8305171749248851,1.3736835866245596,3
E810_210,1.6945925410978055,1.4330916099333426,1.4953640781667812,0.9741180951056418,1.1966920455327286,0.0056555220539748,2.1307949079833435,3
E2124_275,0.6989592847078142,1.9187259880550565,1.5547933557426783,1.5538103151408582,2.0413809321932908,0.0099692880027776,1.7430958999274484,3
E1606_245,2.112857340812164,1.7120146341323488,1.6774258704760965,1.7481392562519478,1.2674592667271325,0.1103643617179417,1.645920254581276,3
E426_195,1.6787822960255796,1.582439398382714,2.5062904019944057,1.6215241557451714,1.1548613115238602,0.00128738474432,1.8760061922240112,3
E2700_192,2.652370310605485,2.124312413576705,2.206564137592724,2.0668517853214268,2.48446585617313,0.0012701964493188,2.043968907180264,3
E1677_219,1.153258853249176,1.890258804104953,1.6147456564937177,1.4751055390390733,1.3367373429263003,1.0914665187725363,1.3320245934375483,3
E4151_263,1.4261716853971067,1.801726466720304,1.4329041099878652,1.587913296174979,1.5942202594359378,0.0080099074891365,2.056734274782748,3
E4330_207,2.121499486277631,1.6755252687344746,2.1876843165645616,1.5941996962974556,1.7343965227253322,0.0104152342747662,2.1610494666237683,3
E2275_181,1.7373358871093156,1.817258126265644,1.8036571608988416,1.660121319438949,1.583499446851089,0.0003726947766895,1.9157346234781127,3
E1577_247,1.941459542013824,2.080091253699542,1.4881824039233202,1.8622476018135323,1.6856584042462668,0.2523882006624954,2.679234366225322,3
E3731_188,2.628188379218734,2.5414578876832845,1.5897790502700908,1.5237778033101324,1.3205786732567288,0.0151093015388903,1.9299840131011243,3
E1464_237,1.4774820107925208,1.9979089949863096,1.7357334173468657,1.10806144406721,1.6394868434542147,0.4273617066516372,1.4791145139263138,3
E1796_194,1.721905480437549,1.854944717920352,2.083976384814131,2.0599997668298875,1.766174624836694,0.0584495070948628,2.575707660052541,3
E2495_238,1.892451365781512,2.0135313715658287,1.9402993564357376,1.3455320266335904,1.68895671853691,0.0097341636483458,1.8413008181749864,3
E1245_219,2.515464989014025,2.2136476879362323,2.2642472545824397,1.5139892228163818,1.5754076792439655,0.0072883907040411,2.3175783519172644,3
E1196_194,2.072338215896746,1.433524071729614,1.5192337867431305,1.4911663433108997,1.395123427960499,0.0140577546796385,2.1132761949193792,3
E818_207,2.438547267051457,2.2038218723347773,2.439433377243416,2.256931276821001,1.5371568116541592,0.0029254023973722,2.1657167967637507,3
E3505_250,2.2977446916291298,2.0497461373726127,1.6352961919901845,1.6305680705475345,1.8239470201711736,0.0245782333741332,2.1989156757706487,3
E2454_221,2.351425394621036,1.9909054255355088,1.8979156904302177,1.9814983232007315,1.2911739603505912,0.14180600071104,1.6750899546638978,3
E4088_193,1.855540168748194,1.9156461541247047,1.8863546791302337,1.558512648857806,1.0338740258028638,0.0360111931859254,1.944843357312348,3
E2623_303,1.029671098414446,1.7308144022801923,1.92936301209882,1.9835439784953568,1.0065196266171514,0.631085968065416,1.3362713532573371,3
E4780_206,1.918408019878181,1.8153099521497584,1.4963493651574618,1.8071544555765349,1.431786940939099,0.0013533292498142,1.567850232450316,3
E325_216,1.1291509755698073,1.5589364830870736,1.8175072013498068,1.1734246569296405,1.3865628826720284,0.0726892204853927,2.502043512255373,3
E3584_242,1.9612234608912569,2.169600419629392,2.1491198334772554,2.1877639490809244,1.5939512380933176,0.1756444326422252,1.971748353264493,3
E1997_224,1.6684009274798175,1.9574419592859311,1.3962040055840663,1.1255996526487002,1.3963305574336546,0.0033807740694462,2.8351563369133457,3
E4350_175,1.853325393141868,2.080705690605196,1.860153678231656,1.0771628525823709,1.4481040292993776,0.0059951318262144,2.3992768454143283,3
E2793_401,0.0958778464281311,1.979316955458921,2.4961216073292407,0.100086739020992,2.1576333361299387,0.0216851004048152,1.6228003225444332,4
E2662_306,0.357966622709169,2.101006085241011,1.9232224430990164,0.5611962527681483,1.5706183291490698,0.0031219610914129,1.6508191919277138,4
E2119_284,0.4716124991295436,2.21683656813178,1.6393489237972567,0.4519901659014157,1.918465538833478,0.1974605819151254,2.06392642309003,4
E1676_265,0.7549069469079476,2.0518113232779425,2.1730401382217748,0.9483169058090696,2.3535126118131706,0.0015457353471683,2.1297517439122142,4
E3343_266,0.2891078774706556,1.6479461485226452,1.7160575955474342,0.5769442059535469,2.2265622267220744,0.0154611207759896,1.997354074035507,4
E4105_269,0.6126829240935681,1.9076774782198336,1.729302936319606,0.8497081134128773,1.458001908422312,0.5129052068154254,1.5928957758767244,4
E2841_317,0.8968129239110381,1.6165941457637163,1.9684258691477432,0.9702656184275432,1.6347649386899457,0.4997138069244471,1.7859067342916528,4
E951_350,0.1762142835824661,1.5461243603809918,2.2172385354891526,0.1402402795991361,1.7000818931661716,0.0499174547402236,1.5223561904193466,4
E3340_386,1.006197261519418,0.9461690123985258,1.9775293411307493,0.441613052053968,1.4277942946706492,0.0075364441014721,1.8000389819960914,4
E2625_314,0.5485852730026989,1.2878285939433125,2.1062121023823512,0.1378519151945172,1.7530582758713016,0.0107318599645092,3.2032750516545856,4
E1240_265,0.0227167746588493,1.47884052703401,1.6634686741980955,0.1608757317722097,2.373086164638864,0.1022372147581675,1.9206570668195069,4
E4947_356,0.0038875730371308,2.3423123737700786,1.8897592609353668,0.0021201321974712,2.0759584105462165,0.0127135839398235,2.2426871385686407,4
E3063_383,0.7696464866468704,1.4202154500236988,2.431206866937775,0.7698708721785426,1.66377871508762,0.3732981469405173,2.011303162549076,4
E3010_282,0.6196207728807241,2.346718109371667,2.217051142515816,0.3584876841447361,2.1343838258838645,0.078617243365618,2.408820406002808,4
E3698_264,0.6918420367197013,1.5759197863291208,2.0233027063761653,0.8398642166269006,1.3806289729697343,0.6028161693162218,1.880910439056904,4
E4317_283,0.2175258521975023,2.0866034553754607,2.009709873362897,0.0091819535176297,1.8971223672578248,0.003823771806768,2.347723497969909,4
E732_279,0.4097191232043154,2.308969875636892,1.879097531751424,0.5952297321306267,1.5227962554631322,1.0592162665557314,1.4036555200973049,4
E1842_223,0.811816298959868,2.0345447765244384,1.644428705142281,0.9751772068524844,1.971142078536876,0.1099039346452622,2.3441403832016907,4
E3943_317,0.2400153726358875,1.7611951866826396,2.0174728870930987,0.0743056078666097,2.157398107706876,0.0004899996773874,1.8123698063880456,4
E1019_272,0.8813179624761323,1.8060222751267068,1.5243269822261467,0.6114148072710452,1.5887656969274735,0.2492000138141191,1.6210675658535012,4
E1884_292,0.03985372238715,1.468615864545426,1.935768976993561,0.1034952130025959,2.1645096821857,0.0093998767572618,1.7096175630988837,4
E2982_321,0.2027978396258554,1.984527467856481,2.100369841230292,0.2412586274953053,1.3271902255822745,0.6042604940484827,1.8397279930898447,4
E2627_260,0.8020713556200043,2.460158141705865,1.7198185095030205,1.0301801647967637,1.7097149954799484,0.2673963274925436,1.8269539202813727,4
E4856_352,0.3115207509619846,1.7679847098230466,1.872223057175632,0.6920523716850173,1.0063845238396516,0.6222004109381232,1.0387784553449428,4
E2267_344,0.032592089078991,1.987514380714669,2.253468431048816,0.0256451826827595,1.8152419335873005,0.4390794215284573,1.8771857225338748,4
E1567_236,0.4470743280818257,2.232797872210877,1.8105597006375655,1.1146379158138109,1.6897444435500282,0.006095046775015,1.7549139542304668,4
E4740_354,0.2034123843793193,1.427417916686338,2.120235714051632,0.4624807248782977,1.590058600343551,0.0057236114851246,1.8993353151502417,4
E386_255,0.6730256420764039,2.113788179078448,1.412295837877531,0.7387967055944018,1.2895301569315398,0.2660688002517769,1.9706535469050648,4
E3838_260,0.700210268064965,2.106105242373102,2.0990405245837733,0.6609492583575485,1.177760043594866,0.3265964546001859,1.648618540245435,4
E4002_232,0.6260909708682949,1.7714866486875944,2.329641624453114,0.4466258276307006,1.5140814084731238,0.1028127354580476,2.0312526599682545,4
E4263_289,0.0497420166069322,2.037724935577347,2.062180931396677,0.5776687713283067,1.6199860703740698,0.1208013698878603,2.102013158498924,4
E216_278,0.0065738311900535,2.132081635581656,1.7308523455765426,0.0028642229817672,2.1701369445439576,0.0199623098439614,2.1104005529227843,4
E2757_298,0.0176457809957755,1.2492721465878884,1.7682226081789312,0.0008123659921021,1.6263731266743893,0.0420139558003951,1.6196535990229075,4
E131_374,0.2623790946315202,1.435449053398045,1.945752617408096,0.2120324293075552,1.4669844912645094,0.0108238935386121,2.278853318611809,4
E650_361,0.0914981382044044,1.7130791652913189,2.031986298139192,0.0706379939942272,1.7910811493331036,0.1252973032478429,2.03952660492462,4
E3067_324,0.0224264984854496,1.5776102790168145,1.652827773274668,0.0137247726141842,1.9614001567483643,0.0367392812855098,2.9617930660336897,4
E1055_242,0.4925021301162225,1.989049035924216,1.9660784897820625,0.282246523079347,1.76720803084839,0.0229023001884621,1.7657115895268607,4
E2854_235,0.6634781349360923,1.9663189142164872,1.5875190488727973,0.8302782112851764,1.2979397403389197,0.0092143221278037,1.8645666061974644,4
E4373_253,0.8495156965948096,1.5677611120727906,1.9956560154091647,0.7035210284878636,1.821911054750456,0.0988314049706526,1.6796859870739906,4
E3146_349,0.0167984749839965,1.3546573318331672,1.7034003607709998,0.0815754407271046,2.0445346993048807,0.0046714715418638,1.750191723682286,4
E2176_288,0.3344424671473089,1.177662014257972,2.0948837423219606,0.2632161846050949,1.607808715881771,0.0218158790684815,1.7385726604279006,4
E3467_346,0.1712985291564115,1.1323954862598835,1.995750909544196,0.2092380303096279,1.6912914930549658,0.1073483674244181,1.7569733872022848,4
E3947_346,0.1650921098689097,1.6328954347279157,1.9111472206469624,0.8450846151188982,1.5400752347060456,0.1994585727200382,1.3762720094664198,4
E4021_256,0.0591655474141584,1.9140934348855216,2.1908533602368783,0.0557592262168384,1.6493702714315368,0.0030745036208903,1.702077350328692,4
E3263_273,0.0839899629002216,1.5479313492078697,1.6279279393632688,0.1191262302141882,2.69987032894359,0.1390541391796253,1.6804039647406692,4
E3818_440,0.5700315543725055,1.5486719733168486,2.138425834696058,0.3179757087053645,1.4035227321587511,0.0019862530216982,2.2314488361864933,4
E1656_270,0.3664676667632089,1.4255694447953078,1.959471661506504,0.1762801753721419,1.557593194021565,0.1699463259680297,2.103608945322037,4
E1228_275,0.3801209416697937,2.002302367240893,1.53869617654892,0.6591247255970727,1.2582174148487253,0.4931159005317105,0.8210180345787829,4
E1281_344,0.4336943113463384,1.700338868358399,2.208728774911145,0.5051909930207759,2.2869201932421293,0.1767342134899645,2.014585536987588,4
E1858_283,0.6491779485759531,1.673397869077012,2.09203866642378,0.4254664848657077,1.5470252529085815,0.1096446510480054,1.9495772631037047,4
E3295_284,0.0470140505128143,1.9304900101317168,2.4243093191236875,0.1693917826030826,1.2117915158667674,0.396919428974584,1.9071886765214845,4
E1852_339,0.5636256005269099,1.4222139847749622,2.170716503768282,0.4423685584841546,1.4508358055899693,0.0488951327125409,1.754841455673971,4
E4738_390,0.0312469279295091,1.2790389598736882,2.189049435785888,0.137213255971964,1.3530082558633982,0.0027298516049222,1.868831725853609,4
E2641_272,0.7777438620672587,1.757064069690754,2.113272266748359,1.2178248370117526,1.384592006344405,0.76367105983471,1.5874002094164923,4
E1070_342,0.011029101458613,1.7167833804385018,2.1009933126964344,0.0918598510358505,2.273700267371771,0.0135004205933439,1.359460951576139,4
E874_318,0.0005803025533059,1.914608375160584,1.9375320310188096,0.0595514810264597,0.913138986728166,0.999977017723276,0.7226867538242172,4
E3722_316,0.5898185763333721,2.17950248424616,2.1544581565066374,0.5943508471802681,1.0828040459791466,0.5422861051282256,1.7402524980261695,4
E4493_294,0.5714240555387763,1.53801045692554,2.211035622029236,0.6412222642976301,1.1789388311126234,0.5514139504297271,1.7360404409219938,4
E4369_277,0.0100503873847808,1.910757055914472,1.6558513994215225,0.0996072954172134,2.038198071584577,0.0622762441848361,1.925008664483092,4
E4558_315,0.0141475145692081,1.6242215065010617,1.8085941636722045,0.0122916413734612,2.7393488275375755,0.2061147814608131,1.3705121069352837,4
E1046_266,0.6233257539566555,2.079903028844152,2.434448780215827,0.4359359519602353,1.5804587902655858,0.0233672336920391,1.7396815075772485,4
E4943_203,0.9060174892968916,2.0401442667563834,2.3984733344641747,0.9254428160901228,1.782119104038686,0.1573104763889123,1.40644342023846,4
E2644_355,0.0939524784862487,1.3345132163408842,1.4616587863673498,0.0537398457792866,2.3559376025740684,0.0093339702500626,2.378428282668549,4
E2203_316,0.0287001188159246,1.5549609306891143,2.6784154482719216,0.0351803483674124,1.683749980814134,0.0338964694485132,2.278604880239377,4
E4685_260,0.6044284529878661,1.8114018614366847,2.7453495079131,0.3320038796001446,2.224248662552529,0.1480051069060557,1.8204019764653097,4
E4346_289,0.3070746602439819,2.2119820778797363,1.95895308856006,0.1735686723212561,1.9068858362258807,0.0022202050308148,1.9450196459512528,4
E4624_278,0.6900616707024447,1.8799923772494405,2.236466403196484,0.3865074427703073,1.6741781919272158,0.2062267498803399,1.5465367104420564,4
E2485_386,0.0174955323058275,2.0041348938755177,1.589907014074608,0.1318125024650735,1.7836735167166269,0.0005256835591484,1.8419851957386355,4
E1079_280,1.1434331830981763,2.2589836596014736,2.1516141013392187,0.8094444820042737,1.8051398222576924,0.0034754800189457,1.8287890945601737,4
E4053_232,0.5855828207335311,2.0252013596874208,1.99905382872802,1.3022948407161687,1.175833157264561,0.1281867890377858,1.5053996665082994,4
E4657_324,0.2831960464880415,1.7615015035198918,1.682562530404686,0.3419268162329899,1.8507459518189209,0.4072955762827759,1.7084126995447118,4
E4465_302,0.3115638404245721,1.7787230266952545,1.3646240301745245,0.5000176742986422,1.808291354889176,0.2557940089161566,2.109898082186059,4
E1835_345,0.0091003644196866,1.27600761805484,2.5057130217496306,0.0508751113343788,1.9607567025576271,0.0020282241281062,1.2702347706171049,4
E867_286,0.1231165539573365,1.3013388610317678,1.8682966034529385,0.237122889257199,2.329886488237842,0.0237537797692927,1.842036167359817,4
E3268_285,0.0820081840539924,1.777725604187823,2.6676312800064785,0.214103661544891,2.1691194028741863,0.0215898002334735,1.797663207626417,4
E1222_279,0.453188395501757,1.2704096079321965,2.038790845854312,0.2741944382574182,2.0398541422231893,0.1161193583281381,1.9245274730033648,4
E2163_375,0.2279422747350549,2.228076712262216,1.7181631199335894,0.1997246669976832,1.4098096610474269,0.8715324710313384,1.2422394502208682,4
E4291_276,0.3585194863911229,2.279025788914415,1.8158763683760568,0.1494787381327567,1.7287859798355558,0.3949128075939039,1.3221382154216097,4
E1242_272,0.7073810785647181,1.2914925696746808,1.8939102772047725,0.2956534092051363,1.2867893536722943,0.6634704874080631,1.5753988867913695,4
E3528_313,0.0028669153829141,1.4082528745562837,1.899092493216691,0.032460007120678,1.8176840547646376,0.0131044171472981,2.276833607577476,4
E4156_303,0.7728571350344642,1.4390033842154095,2.420676081472928,0.7047062777297936,1.4618447094335894,0.3689955920489982,1.6301483875581853,4
E2942_368,0.0920877716081516,2.0628061343814488,2.4625133468199283,0.0445285707793026,2.143862613775,0.0478802693173785,2.051067559593775,4
E183_325,0.2410794486225809,1.1204937644540591,2.306787224876943,0.2789610362225115,1.4012517986499644,0.3486479892686043,1.9607751676797505,4
E1745_411,0.1442495996234736,2.05571948546685,2.249816029857952,0.3810709123419178,2.118514647688393,0.0380228418026989,1.6092354928255554,4
E3907_276,0.1536185274534487,2.2762072966207643,3.249472833187584,0.1089709547724035,1.6348359833972832,0.0002213850417412,1.7714147918660226,4
E1638_270,0.1131648430889918,2.1089028002623387,2.2212987333510203,0.0868470509970848,1.6656567691498083,0.0005472195835182,1.7323539201913205,4
E666_216,0.3953276449873338,2.122256967928175,2.1098125167660835,0.6796904784801423,1.6466213061961144,0.7697286465669013,1.856471036049192,4
E4256_311,0.1182521729476584,1.4477363544502984,1.756709322086314,0.0370633638666639,1.971799742885692,0.0220575985622373,2.29583766780617,4
E4846_396,0.0010269185336437,1.6560326011835431,2.035756603287585,0.0002596749716335,2.7118040161460097,0.0019956809231398,2.2853772295646446,4
E4584_248,0.0442988343300875,2.1781278493452247,1.803912052539936,0.0886047747805436,2.8929117610430404,0.0230069363138326,2.2050271217113444,4
E3058_315,0.0002848479156375,1.2964861229101328,1.467774644860211,0.154604708234079,2.203465497233971,0.001533385160469,2.4167234351493225,4
E3744_325,0.1376893761835024,1.403527988632578,2.1753521416479003,0.0500434985035164,1.8931825385910137,0.1294049235399414,1.5066540706103089,4
E2986_233,0.935934695414736,2.155762889563308,1.5526969419736427,0.9599772082004342,1.5995844263776875,0.0318667488202516,2.32609144885461,4
E2250_290,0.8175064503256058,2.2124484110422475,2.324596355141725,0.7285327170349095,1.5474152285039002,0.4251625320177631,1.663393030481387,4
E2378_285,0.0432537287729435,1.5329266011441052,1.932464228974931,0.3326750160663174,1.044544056601556,1.3031344799240516,1.164027356839185,4
E1977_263,0.0480844415017942,1.8091250691381584,2.803906394355219,0.1423831291325659,1.4462467508025807,0.3348226206879383,1.995639666097628,4
E3144_453,0.4894255385534891,1.737166251211286,1.898122339722,0.5268190291438324,1.4612443755134508,0.1222165068884373,1.0614939337983902,4
E4898_321,0.0112959926097252,1.5801040144884064,2.0862565873683594,0.2707855112364652,2.0501642174635304,0.1790565884622888,1.7684013240899628,4
E2804_334,0.0255078598835948,2.3806905965668266,2.3206420386882147,0.1031278312586202,2.097309773879105,0.0337265961233731,1.7303479014672918,4
E1734_285,0.0800009780182831,1.4687880262474435,2.135543990123451,0.0551659490785724,1.8887683782817024,0.0320511889799972,1.8139122016096272,4
E4111_274,0.3162734940462744,1.8716955221793257,2.12017995156326,0.0297238166625009,1.8595661663721983,0.0384953419761626,1.6670971239578696,4
E1127_285,0.5259245508452546,2.356486339649498,1.774585857694689,0.5640411324300849,1.4681236658928738,0.8071056499699649,1.1221674905290493,4
E3081_315,0.1891060090428969,2.3862544370356296,2.1899136854699344,0.4728089704577966,1.5817115512036073,0.2488883728968174,1.5738232139177404,4
E4877_340,0.0173261885908441,1.9162867771397407,2.205747079614992,0.056387257567027,1.868370785903056,0.0185261857992096,1.4653511250559448,4
E1272_379,0.0914379857639372,1.5256679205804466,1.8777733912388128,0.1601976558131997,1.837508153035032,0.1490992977637263,1.3974414699389377,4
E1276_263,0.5581243079985585,2.0936109803842866,2.115148294110917,0.6762933043155015,2.0768290233562494,0.1836587041223093,1.5325556550356776,4
E507_220,0.5410396404616846,1.7463268734038229,2.0915336094877803,1.2392036541150055,1.6964855886271897,0.6885124940442765,1.2853789709544707,4
E2170_274,0.8066402386008035,1.951715253893276,1.736450276006285,1.1165072628162729,1.1839710260706302,0.5292018786943384,1.411420774385557,4
E4037_282,0.0813731387596177,1.5413031142215172,2.270033923470949,0.1539434989622408,2.230778860332558,0.0246898900064502,2.414213980729913,4
E2770_326,0.0924412015072412,1.6303433371125988,2.1598175717588624,0.0374181994551013,1.886088791107844,0.1057108411781218,2.5182995683346667,4
E1410_239,0.9134281923584012,2.1650827713966594,1.9932824266261333,0.8386604118163904,1.9652987644443416,0.4726743872720269,1.266130774670477,4
E1001_329,0.0206311503997604,1.821154654715796,1.5216652813113498,0.0573529558982582,2.3609929918672035,0.0283683825592403,2.2746756343789114,4
E267_201,0.5038722261130141,1.8587778799513488,2.4683028758371157,0.3384216680222073,1.660516751472492,0.140215261136713,1.7390314585839413,4
E4402_320,0.052673573209039,1.4333520502275918,1.9700152777852693,0.0075942577894562,1.6771335252836774,0.0100110641567094,2.494454264054082,4
E75_316,0.4885242657857319,2.1246811662070124,2.1028161421987366,0.7947162192028169,1.1095050163487024,0.8193283094486306,1.071551393458427,4
E3199_330,0.0093919974098236,2.225261223643014,1.804736810926728,0.0071395585343029,1.8818904279246709,0.0272896232324179,1.7305584743677855,4
E852_300,0.0832984196126119,2.7135359778732515,2.2359027624442644,0.3772772942901258,1.818172757509936,0.0136625800554298,2.1879845860730014,4
E3322_263,0.2670753111268545,2.3501952723697594,1.9331691744454795,0.1695328350217278,1.4964860052260962,0.4754910891066083,1.6920980703364872,4
E592_317,0.0158284394131789,2.150258950246758,1.5193299928076838,0.0060461580983237,1.7846821634089118,0.1662881732764269,1.94096742179492,4
E2790_356,0.4475877549155834,1.8008823045361813,2.076093753322421,0.5595468997331643,1.7894948602201253,0.1004457032210773,1.4844895614989304,4
E4675_354,0.1536189669582514,2.331004805779292,1.853650658064086,0.2679497676099145,1.2939755275883913,0.1475589679851345,1.7012946590920437,4
E1771_378,0.1029963402011847,1.9017568906989264,1.6598247071526808,0.0928738614895142,1.8781986958301469,0.0249828497658733,1.4902788083804082,4
E1388_255,0.2928792635229603,2.3603830390220195,1.857967206815115,0.3258390948934869,1.7542215267424452,0.0376368725095262,2.815883997106859,4
E2969_241,0.3329490281783172,1.816042266311054,2.0067542776575222,0.6434158866538761,1.96725903252546,0.0223011032917163,1.5044011222144398,4
E3623_263,0.8794868235629059,2.254436412163247,1.5601549475394805,0.5425212346114225,1.7528418160170312,0.1675306006295089,2.0458074810031937,4
E713_297,0.2524255697888561,2.392849490612444,2.1224089920798708,0.1029515062558152,1.164546362225125,0.7449438888591006,1.410042543757535,4
E4003_351,0.1756211044689568,2.161078225189911,2.584578269047334,0.7398084567770481,1.5789378338483833,0.5346283060696573,1.2846870899044336,4
E831_297,0.0484274264451458,1.822264814698964,1.2903724553991556,0.0253914970244036,1.8079599699739208,0.0206560370542575,1.8635223268624328,4
E1925_286,0.2008698126236582,1.8417497751248884,2.1644461898105702,0.040208403618064,1.981883913897437,0.2900332211355406,1.7598769758547557,4
E4438_285,0.030009191212762,2.130326784047264,1.7290837166151598,0.1258298244398037,2.2740872424423624,0.0671145571504554,2.697176460589978,4
E4836_265,1.0016638084998988,2.573655474264198,2.421479542602451,0.6721611770792432,1.6284074485165552,0.1302330579620344,1.925708736127632,4
E2054_338,0.0016124259717595,2.162338414084298,1.6100455889522094,0.0467795125172837,2.20902870568461,0.0414350392121986,2.5857369816455225,4
E2956_305,0.0142835640497723,1.8518700164496464,1.6755925779444951,0.0315340381149056,2.4304711503923664,0.0464253177296134,1.4629908611489804,4
E3719_273,0.9208265102725904,1.8976628365052173,1.5954604725654216,1.0426817147784189,2.4910195627779803,0.215097229368788,2.229164540553107,4
E1801_336,0.0890823309961976,2.317552917572532,1.8068313132271188,0.1014643321969763,1.7725584127963616,0.0104196853228431,2.356764304068184,4
E471_275,0.3635256166094008,1.8623938092730603,1.8132007342164893,0.7866883490161747,2.1070481238225645,0.1169226705866677,1.7360729668916368,4
E1515_298,0.2837020090342466,1.7296792616690604,1.5743525384602546,0.1968076369567364,1.7760882174104509,0.1170809146746449,1.6293312313848232,4
E4958_249,0.3108180902605445,2.3763312447927296,1.7945604846713668,0.3911868651673938,2.177094284533552,0.1117589919899107,2.4087169188312285,4
E4648_315,0.761815806797885,2.2702935280944225,1.9943151382238515,0.8441151234385912,1.4265770373464035,0.3906343714575914,1.7038131707558848,4
E2544_257,0.121799467258972,1.967873004769486,2.043244302901485,0.19250496034503,1.7181056919514497,0.0856873143436003,1.55601415503908,4
E30_383,0.1041428342014114,1.845368390067008,1.4877672744853907,0.083313325065161,1.5969616129295094,0.0217871559367678,1.87754382714235,4
E3181_309,0.2827924286121297,1.6843155994266297,1.9977415472234648,0.235025301982766,2.313785607178428,0.1904320315304657,2.0790323890498303,4
E2907_307,0.065394798622283,1.4200476770329276,2.2464593287918664,0.0175294150406353,2.2730714583395843,0.0021902006693503,1.51322733461605,4
E1682_354,0.0595686439392748,1.5281107763039852,2.0994850332441017,0.0356043953842803,2.059065621482904,0.007111909451298,2.045450116119252,4
E1028_347,0.3257587296246173,1.97997984567313,2.1539465058440967,0.4144572573407815,1.927654703496932,0.1588829281836943,2.138529889913888,4
E4643_274,0.2005245184698882,2.6018436814229697,1.7842811954923483,0.4206648879161788,2.506571194998502,0.0197005376616833,2.277318284688577,4
E399_280,0.5704620066743877,1.6030276559532337,1.76116738724549,0.4634162763472238,1.8563328038028208,0.0350360214154508,2.3268801213236343,4
E2558_282,0.4352041997562633,1.922827277295981,2.2854651576939364,0.8578851853115539,1.6320571735232463,0.2800173389687439,1.715739254941138,4
E2197_263,0.509360940347651,1.4045505226056072,1.991336258176076,1.0780123900687442,1.4465997799146946,0.531151085170307,1.1989719529267229,4
E1425_221,0.7832459858617077,1.8972237176102869,2.2355198594961982,0.7449111216888652,1.4100815435672087,0.1576099315555018,1.7715188872867054,4
E2135_358,0.0313126817849959,1.8986817756579293,2.2139845624184327,0.1602299216448995,1.927804816698288,0.0014184440705078,2.206211446647996,4
E1202_358,0.6088505928272222,1.8149847311702496,1.603643239670263,1.6803680914866987,0.5346263592879817,1.2881568714298293,0.4245130274738866,4
E1528_269,0.2466599414645089,1.7907578813434262,2.3204203803333927,2.0014503698239543,0.0691588024158186,1.9659434592488312,0.158540111613976,4
E4255_274,1.0566640948561197,2.147585913261742,1.72467385093265,1.1909617781573083,0.8416998322748389,0.7134648363497037,0.9635799067917068,4
E789_267,0.1003173991992159,2.2901051069499143,1.8490342851096635,1.8691400332386168,0.1460079600495446,2.6508452612874853,0.0520039040705746,4
E3973_321,0.1348491896588759,1.480437756883695,1.7514781001833155,2.019767914202057,0.1469656384773687,1.4039592023594862,0.0797272146722698,4
E1916_244,0.213869009913611,1.9907426309072005,2.0356235184963536,1.0023604856134731,1.19879843259384,0.853314873951986,0.8739952221581139,4
E1376_311,0.3256544523943825,1.479042752095291,2.641634617581041,1.898324999540013,0.914560236591992,2.327577481704291,0.5271339707058482,4
E4410_320,0.0232092323590628,2.205012843425756,1.6662212168695856,1.6770204935298096,0.2119740174041986,1.5765955298153138,0.1306790831573178,4
E4827_327,0.2028857551446567,1.4887522825360515,1.9545139458106933,1.6809955606124702,0.1922727066035618,1.814424784630031,0.3032633059600778,4
E1009_305,0.1934113797113678,2.2098314406565107,2.568513154455705,1.522863356166578,0.168452866376066,1.193682021174843,0.3503735360812958,4
E2472_301,0.4189803685521345,1.8529312267856044,2.3216423805248585,1.7066177942329583,0.3821632079449971,1.6653206139184868,0.4162703072132107,4
E783_287,0.1129663585840794,3.1790868915831263,1.6432173796708984,2.0506357823312378,0.5076935116509241,1.5834672744811311,0.117239871376842,4
E55_368,0.2185868986033939,1.8954177113031727,2.0964310037026164,1.7531247717083285,0.1182491692398649,1.8149260052536669,0.0351415238663209,4
E2276_271,0.0488153674763029,2.097092499198341,1.6011214827303426,1.7760056522319574,0.0052915367696337,1.6031536209040886,0.0454355781986798,4
E4882_323,0.4692661457830303,1.4316640592502103,2.54564349935083,2.312647242923299,0.7923289142461722,1.171257432686308,0.5352031003344152,4
E3787_297,0.145448540298841,1.2788400242624944,2.708109449872004,1.5956281713941518,0.167466705280862,1.4596995760603206,0.3610021077039884,4
E4735_272,0.2909976810121252,1.7592297739138711,1.9543308870627407,2.3917937448707014,0.3102316301573302,1.9740589110040416,0.1659745707451023,4
E165_368,0.0623282933834771,1.61582044056335,1.8540450467051777,1.5990972293869825,0.0446881353248517,1.7878294853072547,0.0009077608268503,4
E362_239,0.1860823252096471,2.5538601256498,1.7524927481705803,1.2934916433999355,0.3550958274392198,1.8466687151368253,0.6125215694150931,4
E2834_316,1.12463917804298,1.9973022719591225,1.8373691266723824,1.6803837418218015,0.4532864006390655,0.9629616745396062,0.930365181357563,4
E1359_277,0.1785665052163136,1.7051191189536683,1.924533170042784,2.00870226942196,0.1543524446849627,2.0789764430699047,0.0055686105630953,4
E4473_325,0.011415498452835,1.385523463642154,1.669326998232778,1.5509333206377804,0.0015350578652861,2.0468748836279995,0.0082113441629037,4
E3989_266,0.0954979035607715,1.889581262116425,2.0209191333306444,1.635837848811622,0.3709678516011341,2.3927789806846342,0.1946588011232661,4
E2601_340,0.1609445595601459,1.4828261485543186,2.439760361609162,1.5374773809731948,0.0346084771068753,1.485960349466671,0.078266472981959,4
E3689_306,0.2162192596603413,1.8225857603029096,2.2674175875852285,0.4500032088085539,0.8501736610252963,1.2563143645409522,0.8628527531573305,4
E4863_344,1.0385005942900558,2.00412567208559,1.4438743034847614,1.0799456161520538,0.6962739615478539,1.087987701819647,0.8387454365984963,4
E3038_304,0.1949186490456325,1.6353605167328629,2.3299032380230744,1.6464869748121078,0.4075368907798416,1.8083585128664004,0.2601209946644982,4
E4120_314,0.1089641831360862,1.554569143451199,1.9952713103238624,1.9825691536419672,0.0858983071872138,1.6422404894010716,0.1039474890279588,4
E508_261,0.119662441340624,1.7939033012776864,2.181471643145349,1.5189107787417229,0.0610027642700314,2.1042264932703083,0.0496958968697316,4
E4453_255,1.0118052136335018,1.9939898918235943,1.6732749440523946,1.1014306001964729,1.0402086014005032,0.8406825123060719,0.6447677896482413,4
E3229_390,0.21382608467482,1.7482939692248265,2.0813599804403133,0.7625370175209334,0.7749766622946969,1.4575750450857845,0.9163651021843542,4
E1694_261,0.4851716963490916,1.4240142090937442,1.3374974003280258,1.5638612374858736,0.4585859213843336,1.7188804275436655,0.9933884917382478,4
E1350_311,0.2664196255900309,1.811404624635268,1.9651528811696348,2.5057721198774363,0.0610168116277714,2.0218064116486048,0.0046326642295415,4
E155_330,0.0780007311115297,2.076080890175765,2.303234702193934,1.208706839354565,0.0393428051143338,1.819732041920424,0.0641157258956139,4
E291_234,0.2116766342112943,1.9151845024549992,2.302584855638873,2.1577154888541936,0.098623773668357,2.0683528755932072,0.192501027158908,4
E233_248,0.4740432586339351,2.4457629671588657,1.7701959212179157,0.8781047879734157,0.8509728172392981,1.101455960853761,0.952264364095152,4
E4570_295,0.4194716628948516,1.9101326465666708,2.4533004416003057,1.6812363742767218,0.2990006428511984,1.4331718216073075,0.2647260569293445,4
E1710_395,0.4328275009417554,1.834520424458136,2.023986952391657,2.5187209815735643,0.3287291256547349,1.1872215527834842,0.4102770926884193,4
E4114_231,0.3625683539357784,1.5012094147337065,1.6653014441189382,2.1061391496645467,0.4699298811231748,0.986638586436714,0.6002149995852037,4
E4196_246,1.1952481233185144,1.7683374732076318,1.5707160471444968,1.6970748813995225,0.905733387461206,1.2821119586991658,1.2188418767313849,4
E2520_240,0.5280043039504724,2.427527438338858,1.6899727156160518,0.7842754546875946,0.9766662463995572,1.2209230133819802,1.078567279841468,4
E2151_376,0.4359483116359659,1.4703061008938791,2.057886425348704,1.8674399185808468,0.3847830044551021,1.2195529101976443,0.4356658005141996,4
E2597_288,0.3889293749569055,1.5594822424204875,2.155251313588101,1.1032805541920077,1.2147998445143102,1.2691991090093793,1.0124916241233208,4
E3069_272,0.4363572494829199,2.3931608588234874,1.8923930132466,1.346828172450757,0.6040486700607858,0.8255106169747073,0.8795203544831959,4
E2636_376,0.0738301592835544,2.0237771036249006,2.069151288335215,1.901381677185456,0.3692020013031718,1.6764907281571528,0.2611333598814746,4
E2909_292,0.1585694404531389,2.796344474493742,2.0479121963937565,1.50563942412731,0.1066504687938002,2.110134017705851,0.2329094048825679,4
E2598_307,0.23264972962489,1.4400468409242348,2.145254274839952,2.2822492280846567,0.1267371366775559,2.3098100079899884,0.1741585206658185,4
E2217_288,0.0039269127840585,2.084717491119064,1.796729470392926,2.138008486396741,0.1307696710603911,1.7727469242459106,0.0045015984723153,4
E3615_306,0.3212927440091932,1.1676711866162752,1.8677759267152367,1.8028134001103395,0.3178230492593632,1.2057034525649686,0.3810361546998446,4
E3747_281,0.3334274636091813,2.049581002058672,2.634340795577234,0.646073399246903,1.2577955322444172,1.6548412070599332,0.3700640834652842,4
E3164_318,0.019176934830956,1.8837105493240809,2.405655338660145,2.1946852960960515,0.1342629077357013,1.350783822541055,0.2714621200814379,4
E4687_284,0.2610239766995545,1.588076358536419,2.1524994534803628,2.2075952267175154,0.3774757024149617,1.7013364609582629,0.4748582647904864,4
E4098_335,0.1350222641432519,2.087407455030577,2.103051166281199,1.7518824576225638,0.0364538275115412,1.88674570397832,0.0440645335315981,4
E1003_235,0.2489843440537523,1.7431268996525584,1.7688616474486067,0.6328386464856139,0.943381794159326,1.143356979339984,0.9457550239088296,4
E4082_317,0.0447620084546451,1.1882950478299654,2.5131530475827395,1.8548643671906688,0.18315060779406,1.4549941682641625,0.0796268165891649,4
E1444_289,0.2067187177677535,1.7165170599777586,1.976799965756573,1.2772006337846014,0.3790998870841208,1.4036113083731658,0.5701645414902694,4
E1078_264,0.1497818035083009,2.1191928932012,1.5501469690184604,1.6484939195980302,0.3260695191904308,2.233012131673352,0.2572532828921696,4
E2595_234,0.6952956988826615,1.9852857267658808,1.7559897958748056,1.200936364566732,1.009926394569076,1.1260643645578765,0.9596736248783598,4
E4378_318,0.0121172248439389,1.5050921517396507,2.0023838426233813,1.6592328092165698,0.0079873425913149,1.938228724163356,0.0084926091440328,4
E4744_313,0.0834544134636876,1.4547435920332374,1.8708187781594,1.7236146836995718,0.1131659802570322,1.6938487746907642,0.1094117897428852,4
E629_313,0.6597771574347266,1.728907329272397,2.200478374459012,0.548365509468139,0.9389914307028868,0.9760818183663866,0.9241589662815336,4
E242_193,0.6287025952353485,1.8990756889447216,2.6303113905988784,1.846777302937012,0.3015200498526362,1.6575349280674432,0.299559764346934,4
E1403_334,0.005207430119674,1.188522728330225,2.000331076616497,1.430524783725167,0.1630744219227803,2.028211114920581,0.0524971533117549,4
E3990_342,0.2364497830514884,1.5383861785739734,1.907682553405932,1.809003787777626,0.0475516556338355,2.37878241540476,0.1945086948021289,4
E288_297,0.6901400589759029,2.396177342538816,2.013086634569341,1.440564093577836,0.4826572793318973,0.902126565606044,0.5481317777027558,4
E4853_268,0.3404318196436056,2.447154186425656,1.7484353100280705,1.91097434360714,0.4562912122634655,1.4235490837188052,1.0614178203178697,4
E4077_374,0.1465473212504589,2.40526073759933,2.3863497413859105,2.406713035452752,0.175803577098723,2.043065848868197,0.1595676043407492,4
E1342_320,0.4854703659525969,1.9019488493196768,2.356099487809836,1.4275579094709316,0.4670497460912158,1.4692646497786015,0.5209475981902081,4
E4377_262,0.0161611386713316,1.535182941699886,1.7116686894497397,1.7776280886053852,0.1086321941611512,2.130859330794532,0.0514023626004036,4
E2279_282,0.2921639312671993,1.972051191137431,2.109946330246866,0.6732830037213532,0.474782883902467,1.2091903254624032,0.2549005377453375,4
E3532_324,0.1386503588931287,1.389210442912961,2.1584129468763225,2.2859495015963134,0.0574903873090707,2.022392382337934,0.0164689572979197,4
E1312_318,0.2613813406454413,1.4366658841474942,1.8644651451372591,1.8225293835810128,0.1554619087192933,1.72560154289459,0.148344738026549,4
E1126_341,0.2816711970187611,1.3556670801220645,2.299898217093672,1.0679381116303008,0.9353523979217714,0.6285055562381822,0.74569404669412,4
E2897_236,0.991167306771295,2.0728694241266448,1.7008813408181769,1.8210834595606409,1.0634437166673942,0.6660124400863761,0.8366719061179089,4
E3932_262,0.9142692147244345,1.9650974670088108,2.3010143572115886,1.4098677564122226,0.8217255175720038,0.7886949282360404,0.4769358781838236,4
E1398_324,0.936921676430252,1.8394546784908747,1.6030553673260255,1.4621566755854052,0.8121245125475945,0.8008501634354555,1.3297210714027892,4
E3883_448,0.3308580144845464,0.6982836776366055,1.9002555844910296,0.9224588278155726,0.5747423694606493,1.1913484797737466,0.4789362511057483,4
E125_230,0.2989199726683015,1.5322929977337474,1.7856028023972523,2.07920703362327,0.3460413056970362,1.6899799918831393,0.5026409768957824,4
E4899_277,0.2569740726287864,1.82866724171594,1.6434386086080048,1.552114473216792,0.125414913054512,1.602639891257593,0.0391263031410244,4
E4588_351,0.3703356305733112,1.8705703688730768,1.9364299914771088,1.7800943320592368,0.639015755250138,1.2089751568890093,0.5500776310279998,4
E3663_287,0.0462403661082298,1.727575202264196,2.768144049496529,1.4496307689490675,0.2238748860843845,1.7723495087625816,0.0012885887712232,4
E256_273,0.4301655004664836,2.101621944465206,1.950304188233,2.336746016290553,0.3573144600778439,1.2152915196945282,0.344897107856392,4
E873_269,0.2175505225260996,2.2891371259561977,1.908098011092756,1.4092781936655003,0.1657785260855331,1.9561465411870311,0.1705433557846795,4
E1022_226,0.6122242796287226,1.7250654956768212,1.5387124144492734,1.7137388044919135,0.4681290694410065,1.0534186910011194,0.6224412041467688,4
E4605_387,0.0644051731675889,1.5223806235870874,1.6231240090590864,1.92619862199312,0.1270937571943821,2.1593188827966405,0.0038943631054006,4
E4677_358,0.481941297943621,1.8761261485589944,1.5295894572450008,1.062526128516214,1.1293953383309625,0.9116091818473144,1.0828125090660192,4
E1279_347,0.0199609440504229,1.8364012340848768,2.112354750991383,2.046218746419482,0.0197717235765454,1.9960810817394288,0.0029428743520862,4
E3940_214,0.5243948605515476,1.7208419073400187,1.7799022085063367,1.913470357799221,0.7246957059689334,1.3415639064289326,0.4711714890419724,4
E4801_331,0.0977962418571038,2.8187156326608585,2.223686776694289,2.1556232409009057,0.0531115106797864,1.5034122982265452,0.1729076833255142,4
E1853_231,0.0456223966685694,1.721440222576092,1.6594795733151653,2.2128259352164386,0.0724762284524265,1.5985680405196698,0.0432760872651025,4
E2919_243,0.3432365804540671,1.9305872438366365,1.9877304574505703,2.084652134858732,0.4234750927842599,1.825286158998426,0.2805083958747568,4
E1764_262,0.5867698744507115,2.165587298851054,1.9623806527747265,1.3797656179792543,0.6160374210636106,1.269330150474944,1.1270855171566514,4
E4189_379,0.0039815744723851,1.3734500652778008,2.232583628168009,2.070811824893797,0.0138718725051621,2.047258684662252,0.0328705691479935,4
E4748_245,0.5512320275403533,1.7051659658823357,1.612054810394188,1.6664526204537935,0.4457230922533396,1.156457016692947,0.7766722707417587,4
E2596_399,0.7945671208316056,1.7829675166499552,2.245857995088954,1.59094449900648,0.8070894008795554,1.022077824112679,1.0116974948273054,4
E3501_258,0.5270706657388206,2.9406027365677767,1.7291928536941883,0.9528650548694704,0.8784230615334798,1.124126162777335,0.7430648219233205,4
E4875_276,0.4465577712871657,1.3463651589778334,2.3286636372978857,1.559434636803568,0.8261035090657399,1.104451635475714,0.9288436727648364,4
E1660_269,0.6129031400999706,1.6867666316338343,2.0480743485463893,1.0611672397045415,1.2099267549888144,1.0626247567127798,1.0480432966077968,4
E2642_343,0.0190554203609911,1.6575293705946126,2.072067068308132,1.5877136471614632,0.0258457458334324,1.7656498429085608,0.0116077171751835,4
E3574_260,0.659699499440222,1.6812722785311742,1.7861939426458184,1.5217213451305598,0.939650276264735,0.9812248840314336,0.9472654757301928,4
E2992_304,0.0055821461077845,1.8792264307453848,1.375489404331658,2.3229418689858488,0.0037094220471837,1.9586731406765416,0.084290083893338,4
E3641_307,0.4846304658803798,2.1445502100137954,1.8542354697954488,0.7570130718085889,0.2470705823443784,1.8536637877622688,0.2920438077499278,4
E1930_244,0.2292216743437342,1.760103193471016,2.373048744881334,1.9892226821987644,0.1320800340017042,2.633239956585526,0.049568459159693,4
E143_311,0.3958799780195453,2.018368887324746,2.02194985272512,2.2769506670359125,0.3576542648233604,1.3635743349483909,0.7210793020071874,4
E4310_289,0.0987148163608287,2.3200298510843065,2.1311677941843845,2.1550720561146126,0.057503974107127,2.19252930496913,0.0640493957895931,4
E4284_305,0.2140325871022204,2.398843814850719,1.5643151782611555,2.0624089686368627,0.0025572195920691,1.6916699562666249,0.0077841673737816,4
E1436_252,0.288199444665914,1.9267156024446168,1.8799599861396512,1.3730718756074398,0.1496501964284119,1.5361776662277324,0.2223834552039469,4
E463_302,0.2053016057812327,2.610849334995464,2.009209136255637,0.962404224876222,0.6557032807315318,1.2659191535561234,0.4504824984116294,4
E4214_305,0.1209750164554313,2.442704858864363,1.3694957589995436,1.1215422647516569,0.6897664832040796,1.0327915688641387,0.8586735856181951,4
E1301_259,0.0498375621904772,1.9209618849864,1.6857925384725216,1.1196707857876294,0.2463988084271519,1.5916654606383045,0.16824180919391,4
E2669_375,0.9043417334212928,1.6338068662966694,1.4968962015494096,1.0160917254383603,1.3330778270026458,1.5058152575825632,1.2734788187519948,4
E2745_307,0.0447162121601319,1.626416349907631,2.6061433206778157,1.528975652635722,0.2315771522406445,2.1615273400919657,0.1958557310501788,4
E1244_282,0.7293100878422404,1.5944138765416878,1.876583292550284,1.8026740573085127,1.0536161259221597,1.245617652879584,0.9899280708324572,4
E1455_315,0.497748016648928,2.0880617392916387,1.6572935431203806,2.074564261428168,0.5306382419712624,1.1919372271127926,0.4917919571160512,4
E172_431,0.4089903852238885,1.5500046208986886,2.226735167838126,1.8771067396084304,0.3775294370837839,2.093806122488075,0.1200290111143082,4
E1593_237,0.6249151443007068,2.3988459329400933,1.6177272877715558,2.1916909159774987,1.0348319816570424,0.9710595163686816,1.5701186070871744,4
E992_299,0.3422637205106545,1.0116933842895284,2.2408782905389217,0.8291856810399041,0.7897964193515108,1.0222553750585452,0.7165701535570966,4
E656_313,0.0116068087959557,1.6255924158688946,1.9405199596394929,0.5657485491499576,0.0700346850874117,1.85723400305076,0.2074118753424828,4
E2725_394,0.6219703088746332,0.6802438348935724,1.7580735445307498,1.0714589790168343,0.5066511958119415,1.4891690603872303,1.0874136015708795,4
E4062_257,0.2298804411571028,2.1483663033055374,2.240984863456444,1.238879949702487,0.6197278009477587,1.371359182454428,0.4129595446663057,4
E1585_343,0.3541982327357933,2.3403701061248867,1.8463402475411053,2.007329140691178,0.6576319865756893,1.172123800958625,0.8241414652214927,4
E3845_280,0.4986362748538231,2.288736911771064,1.6774610682977111,1.4867970336628271,0.7524393808535521,1.8090773521794008,0.5971912596448357,4
E3616_258,1.1774653611894446,2.078037374402419,1.372694247207474,1.852840437526644,0.8348367840211771,1.2251070883640305,0.8335647910855998,4
E753_286,1.162001594959548,1.737638521620522,2.192777371141006,1.2726172570905676,0.8976797083572603,1.1377487543597673,0.6207039561922618,4
E4923_334,0.7954301921355844,1.4941672408586102,1.459548905047196,1.7007021309987498,0.9508312069586878,1.1516452515930706,0.7919768545097272,4
E4229_298,0.417653653922742,1.6853707016358692,1.5627778722174943,1.4517242808211006,0.1751724854951438,1.8135949165904075,0.1700289734203483,4
E927_270,0.2260853410960037,1.5504041172975511,1.6579398694127057,1.6463330068776447,0.3936977668273153,1.546835070611218,0.3508004679129507,4
E1952_335,0.1360297723887677,1.5545682614491796,1.5837177650764132,1.630542035338015,0.3677064857783729,1.4629446800599293,0.3735937083859721,4
E637_219,0.6006666841838186,1.3156978850761585,2.044201293776434,1.4545489563070275,0.94779411080876,1.1133396226104315,1.5538859255894868,4
E4937_262,0.0944701970852466,1.8620152854496168,2.488436372024913,2.378765314924768,0.0745828927088856,2.0470253623045167,0.0524645541163125,4
E3544_211,0.5139898798887029,1.6043536966148593,1.630232346897743,1.839966624341458,0.7430948849986576,1.4548595387247512,0.5602194181917729,4
E1134_298,0.0575529446863218,2.189778074850576,1.807125716776461,1.891884830919623,0.0224068464947039,1.817793158596272,0.0644973727471497,4
E2294_408,0.2737775299917185,2.335205393478422,1.8419872448918864,2.06698683266678,0.197827373672152,1.7555311452508338,0.1901023276773218,4
E4942_337,0.0032065676369574,1.586871659418144,1.6926751593395175,1.3903312572624251,0.0044320944636729,1.6424277292478224,0.0519026153454174,4
E402_317,0.5583941220094729,1.942487104411124,2.169979991102285,1.2317579175068798,0.468721066716885,1.251050942661323,0.7148412058817746,4
E4872_395,0.4585087127397246,1.191830480325062,1.8143302039629368,2.1581762264957427,0.1890405353069612,1.0677366801951969,0.3000886653805739,4
E4457_321,0.0417841138744043,1.7357569020982968,1.492856285639908,0.9953502457628344,0.0436998648472371,1.5036831874282537,0.3027767552744716,4
E4217_307,0.0103949453309729,2.070550861378674,1.8498543770112368,2.3755081570706054,0.0598068870302083,2.329118340004994,0.0370450648769954,4
E2357_386,0.1609567835181657,1.9303339636657209,1.902069243750832,0.5498638148644683,0.5704682625617676,0.8124331297684133,1.09905930806852,4
E3387_357,0.1904384326342041,1.9064798720379164,2.141766035995736,0.4896458187512421,0.7649263452788486,1.3404748173830343,1.0199015227532005,4
E1088_298,0.0140064433824163,1.924384309126368,1.5430463527375085,2.3119900286663837,0.0301533782887948,1.7953389374126285,0.1392359550047969,4
E3931_260,0.1986611430521601,2.203955611091249,1.7407638111529675,2.038385048870501,0.1610683174203552,1.894694170018765,0.4686226033489849,4
E4604_273,0.0323433364799676,1.7942086963033683,2.3101155854975,0.1801495661778027,0.7275288167654422,1.0196770348707396,0.8301628366838922,4
E388_360,0.004449299625808,2.068640318354193,2.047550279818497,1.2990526641233833,0.0282762967266119,1.4874757759447277,8.721168269885948e-05,4
E1561_291,0.0185389810778312,1.267216642347358,1.809393891172524,1.9451606036307352,0.1185749972267766,1.9731428877843649,0.0331172106882451,4
E4562_299,0.7598628506203129,1.0905493492531924,2.11475229409487,2.2880889884611904,0.3807741626916193,1.4500664623646715,0.3991499665682789,4
E1277_310,0.0305329191120352,1.9642150752027323,1.9635271290551684,2.020650977359113,0.0603556686164972,1.7919039207562233,0.0854385783446964,4
E4981_231,0.8372223265408193,1.7226890450435532,1.88082778909196,1.1027021476934884,0.8342470463820542,1.2090729316805058,1.0144734632565895,4
E1915_315,0.21679162762541,1.6582099914327992,1.9688909064157505,0.5329112001506946,0.5888788181969624,0.8311619274135664,0.9103010662476532,4
E2035_337,0.0390863808923445,1.3759988397458127,1.5078539094691514,2.207542218724029,0.0079710544225784,1.4756589140714076,0.0003464370694575,4
E2216_290,0.2707033401988399,1.6604252675511169,2.028583331378253,1.8944205898049016,0.4583914949260677,2.0552293437964155,0.3000457314059796,4
E4125_279,0.0368121627721178,1.2129839067894543,2.2278345683373417,2.017342193682727,0.0196930877334526,1.9363258427971348,0.0023650078447325,4
E4076_310,0.2933950965226599,1.5382480495829618,2.3484508733094467,1.4930435841283616,0.1950002264375413,1.6200758336410648,0.2030869130763382,4
E3008_319,0.492830809710412,1.7391160690671572,2.326211948155956,1.6503687736565666,0.9645352225694308,1.2259694615268195,0.7813429253686289,4
E3126_276,0.5864211749977553,1.614425359361268,1.5940400933306142,2.8774528242103736,0.9676484139069657,0.9817484064653652,0.8472649285635782,4
E2007_342,0.5166367546460944,0.6441245280091532,1.704231626978017,0.9926468664478124,0.9444014746625192,1.0391400292027446,1.1425506633207567,4
E1985_335,0.1964351491852792,1.2460778876732337,1.312236397225956,2.1284549904561088,0.2502780039323221,2.008769538320389,0.3377818494138189,4
E819_348,0.004659828814362,1.9787701625637923,1.7861562273950948,1.5904166037280376,0.083977464439132,2.6450821374938625,0.0168747348585404,4
E3526_241,0.106493905708641,2.1487691040222985,2.103954240477087,1.6737354517072782,0.1927032387250558,1.6331577818482468,0.0509756694373136,4
E3546_413,0.9255116669098932,1.6222885562412146,1.3762131297161633,2.3201750762005995,0.6275434639827664,1.0480716401707428,0.4565540585450954,4
E1871_287,0.0532057162557111,2.1062166429458133,1.7768973720023329,1.4386476328197166,0.0108289494128246,2.552565482187831,0.153023173285545,4
E1429_264,0.0074577649080967,2.5670861185835494,1.9986669908027423,1.8929663717741312,0.0237699101602828,1.5564497885033326,0.0035166569529503,4
E4663_376,0.1989750027891478,1.4213435144817474,1.613817089455062,1.879270002717398,0.0196407173049116,2.4281232866565743,0.2405601619318555,4
E1769_292,0.3830557907675633,2.3576687403331955,2.099891650114493,1.68865946128946,0.1830424419853444,1.5658572248206135,0.3428599246639562,4
E2702_215,0.9228549567245092,1.4192835435463105,1.8467682997407449,1.6210196243751058,0.9239444273704804,0.7165744190005018,1.2530683556298785,4
E812_332,0.0100094039327547,0.1328049540353719,1.6443648879883583,1.9238035086163523,0.0828648090495656,2.249639832381646,0.014703760276082,5
E1783_310,0.0795126877137623,0.3876087842785637,1.2147041822672144,0.6101048040716908,0.9380410098799687,1.4358523146212083,0.4662763376826589,5
E200_426,0.4657392490605625,0.4867410247322849,1.92901778341372,1.8555206496226813,0.5080516340639606,1.6019980968945229,0.6834678579865102,5
E3636_403,0.0069920502553388,0.0937242614241512,1.1434203266316092,1.9711826511995545,0.0005465892204097,2.1811996211178086,0.0048523913628407,5
E1169_412,0.0273214600049807,0.3454679547286856,2.055808659552933,1.507806259677536,0.0038441894951496,1.906652329828861,0.0034277265752649,5
E3033_412,0.7836681929308912,0.5707217387923176,1.8744040743765584,2.2857879891975603,0.6630116250644863,1.0518692916724526,0.8760195527730299,5
E2363_400,0.0126906498110168,0.0186265373177486,2.1010804624912685,1.3367440565348554,0.0234596480240546,1.874722738753652,0.2136446947147264,5
E855_458,0.0254255076670682,0.0158404961425163,1.8754457462448664,2.234725436541579,0.0052427235468803,1.536587955872012,0.2488358506813933,5
E1226_414,0.3507142319647881,0.030870275084097,1.988786465495492,1.596488149541936,0.6227832913702779,1.4581664269574854,1.1283447387670549,5
E4747_300,0.0018010592217658,0.8464730662472344,1.829126103757404,2.081113210532028,0.0475019057146127,2.5222780282967023,0.0279288324586102,5
E2646_393,0.0667813514812589,0.0731854163013336,1.8727366357741044,2.1641264368412614,0.0497528515607349,1.6332983752678467,0.0364494204725152,5
E504_350,0.2515157814889921,0.3369953471284541,2.04784620654214,1.4884787415442886,0.1946127104422631,2.02142535200098,0.2001694856260428,5
E2009_471,0.0311976550964001,0.4402676398904032,2.01216114286529,1.6626969665800806,0.0308104774131755,1.7823607582425574,0.0031152895447176,5
E4271_363,0.0019618260132441,0.1477638610769085,2.269063612279175,2.2699338564524987,0.0985918497900225,2.147688176382077,0.0142670952009471,5
E3107_400,0.0130020908539916,0.1157052232511422,2.324641432670316,2.1440840018257914,0.0204504294667902,2.059652806293637,0.0046032560008402,5
E3029_355,0.0889996544686039,5.568919948989448e-06,2.096932379942116,1.8680362598600144,0.0526046725404211,1.8170400732609069,0.0068943950990424,5
E2718_315,0.0025459287072175,0.5130228173773236,1.8473039866736105,1.7710966264731458,0.0171705874277825,1.6351184089584665,0.0327122630963369,5
E3525_371,0.0258312733289708,0.0191364130457418,2.2158497683048304,2.2953263924916127,0.0360408494979562,1.9651701505077008,0.0301400193573529,5
E2167_388,0.0290415007779516,0.0126114897414876,1.3574844095615266,1.3858321123900816,0.0321311232609827,2.6627151498364667,0.0029750887513089,5
E2234_387,0.0378708834201732,0.0198884009658373,2.3055642822111224,1.887925802672325,0.1496627208600789,2.0645460798804933,0.04865680671235,5
E2005_285,0.0069624715083531,0.3695048747385148,1.92861077676446,2.204244295419952,0.0200474383260365,2.0201671044888068,0.0002099069899251,5
E168_386,0.0138331578927703,0.0761619105991313,1.2153811178079124,2.2125248073425583,0.0006180681241144,2.0818228263442298,0.0282619108484877,5
E4611_343,0.1298764885779758,0.6584238331665061,1.8836966486586384,1.4494378703309092,0.3628208436307761,2.4600211029852,0.1279293071353199,5
E1691_382,0.1070898163479294,0.0461577421437884,1.6744151239719507,1.5941783187145668,0.0365571276322869,1.6442419666940171,0.0379484941845184,5
E4631_452,0.002085887259666,0.2201465105682708,1.3271326519310829,2.5571928775495785,0.005909686298481,2.5485423190750884,0.0615913309678499,5
E4401_421,0.0011297938624394,0.2337603406826763,1.3741575203032357,2.10070164844126,0.0185488215975641,1.828158278789639,0.0088757052839771,5
E2927_401,0.0472878900496487,0.0554562316219824,1.8316829214364168,1.8400398886145983,0.0057864618091698,1.9209412721066208,0.0010899463131649,5
E4629_347,0.0218179629355907,0.0313634382314426,2.2126647143370017,1.668471364919472,0.1289030805736548,2.1132635664905925,0.0027376597178918,5
E2649_316,0.2865779210625464,0.3056423467514233,1.80655559150886,1.2439886903559751,0.4173067334029673,1.5838540430321566,0.3725712488643213,5
E3683_297,0.0434587105720729,0.0849248261091004,1.8450000813852467,2.115425919213531,0.0786298936814126,2.5605211710496767,0.0826459347941879,5
E4688_389,0.0093233946122772,0.1416978908701862,1.8050515503533533,2.178980038818431,0.0165069255388581,1.8577037319453944,0.0388120298371525,5
E4013_325,0.0043767172510149,0.1304335868011142,1.5686401020195404,2.0820627483104075,0.0296572796748546,1.8447229398404432,0.0200832925880899,5
E2802_439,0.0223035602982137,0.0037350123372689,1.82052423490389,1.79539245454544,0.0368552085008808,1.5991027915222886,0.2637005932710545,5
E1433_415,0.0008500378681841,0.0007954616722251,1.5870997352686094,1.7346064191388928,0.0126860252969303,1.7964506380557004,0.0261271875099814,5
E2901_420,0.0063618844655873,0.0093377000223353,2.0582341777414563,2.0392453408963584,0.0228653643224612,1.875460809344916,0.018502799451747,5
E2748_356,0.1108349181224897,0.1702159705323574,1.587508065381794,1.6328454924486648,0.0527019243363481,2.013087455928544,0.0355857064686053,5
E998_432,0.0163844042359792,0.0078533355606961,1.369347324984837,1.7885228375724282,0.01523383502482,1.9459571185720657,0.0604301503844629,5
E1394_367,0.0684059552530199,0.0050103405311578,1.549395432159688,1.8080100077994845,0.5602942700440848,1.9225790245354977,0.1842054132476645,5
E505_339,0.0197459993527962,0.0109095448356568,2.072658453449044,1.4994999473935977,0.2336707792066052,1.6798123875519753,0.0126090467096603,5
E4306_355,0.4065116579258545,0.3369103268815256,1.5739318205107522,2.154573345867812,0.2709976472899174,0.9821679887358984,0.3934365195207878,5
E520_374,0.0294101641761257,0.2828583325206345,1.936235012385456,2.45984367472193,0.0049530427728538,1.988180751665393,0.0139671139805651,5
E1302_499,0.0057771796064779,0.0060991282576227,1.2915547958159772,2.458811634565952,0.0200584147080258,1.995718434145009,0.000180206993583,5
E1104_436,0.0317382353291221,0.0632531406815639,1.4369935121351491,1.7172869645264142,0.0012404383569028,2.3292592818106423,0.0081661521422038,5
E3168_460,0.0101264389660634,0.0032664804397081,1.4897123955472278,1.6676909783137863,0.0261777493041685,1.7092944187988044,0.0215743102495811,5
E889_406,0.0233256408910759,0.0034025470612799,1.8156861353853213,1.745471498582394,0.0357024056585143,1.960083536562552,0.1258631145526972,5
E4471_336,0.0145757253642644,0.0430241758245161,1.3598444045968892,2.0712125188164943,0.0273739332047552,1.3678632572076652,0.0317357561901507,5
E4417_373,0.0576771923314464,0.1518664718024424,2.2085048274818853,2.07675705562126,0.0861185063286547,1.752152274435172,0.0393097601223076,5
E915_316,0.0030974436903176,0.0293562384320868,1.8708199453786856,2.451464949449569,0.0154867116668541,2.0327422585770067,0.0219868219843858,5
E2789_421,0.0029763030823093,0.0300597939515858,1.7208828938085283,2.1149582920237657,0.0278320776922559,2.229082888541437,0.0055520186010885,5
E570_278,0.0716860782897214,0.7481211745842418,2.246978435463621,2.4986999000769843,0.1001496152712552,1.5338149199552815,0.029839976268714,5
E4085_307,0.0522879230968805,0.8051400535517761,0.9093100653304428,1.9254902390656297,0.0003559464228348,1.5674029015870965,0.0412697831937058,5
E357_343,0.0243663488564047,0.0435692909411408,1.8000783793453428,1.9203488211536843,0.0957521834108935,1.7959227496705212,0.0200609862829117,5
E1040_433,0.0039006470715108,0.0031810751653201,1.949173914743796,2.3486312191158265,0.0040580753187897,1.4443114277468887,0.0255174792801354,5
E540_354,0.0228427304709198,0.9589148093566175,1.8170328331131624,2.4902791439552328,0.0384012359318725,2.0169531430687315,0.0143967135572373,5
E2199_424,0.0036856846793458,0.0184000468394807,1.2913917697748896,2.084688750807019,0.0235427421827584,2.942024132483976,0.0100661116203821,5
E4123_440,0.0375052484092675,0.040405924343667,1.6048363964191543,1.2295252829692114,0.116787856501963,2.3552811594613856,0.0961203569998204,5
E3463_322,0.029602240398746,0.4490959106659175,2.1265703491187438,1.9428009694666133,0.1270455299424881,2.1787378469976457,0.0172758099641559,5
E2654_343,0.0749281616289936,0.1303045506268065,2.1306866173920533,1.7955022290711278,0.1007387720673752,1.7874360443246544,0.062625493037658,5
E158_374,0.0107576545600285,0.0247749609889079,1.2462308042060128,2.179239115069017,0.0105851791521551,2.0925159249867584,0.108474395154224,5
E503_404,0.1662020221698383,0.4754814166911864,1.7689492450994118,1.539012821689308,0.2565428661676596,1.7956130740932044,0.3901738098738517,5
E2794_309,0.3031857524155456,0.8415535014549334,1.5886282401347318,1.2925880543815134,0.3442933796239403,1.7194877054402855,0.4217688022938612,5
E2256_397,0.0138268242879487,0.0021243424070912,1.4174943376365043,1.518557944455097,0.0113648885848119,1.9448421079439504,0.0376639745806087,5
E3556_359,0.0070698380934858,0.4304127141962009,2.4837119180947536,2.203527066503696,0.0058000353919985,2.1119600210366385,0.0058165464222766,5
E2655_373,0.0072675713022058,0.0004382824064103,2.12397853029422,1.8345719930003423,0.0394135053701436,2.2396638303238605,0.0092896946217932,5
E180_296,0.0856773562164192,0.0124771130509804,1.7256611462574625,0.6894365390508409,0.2600990286025327,1.7432623694915266,0.3675701590212173,5
E445_383,0.0100207672029876,0.033597711945485,1.369315397825802,1.8732810275213267,0.0510018323529113,2.7283295398754754,0.0020595164297245,5
E1805_353,0.4149941633849426,0.1117771364055776,2.0535695844919166,1.7124597649938076,0.3576170894034118,2.119470234241617,0.3051254705365062,5
E756_356,0.0749187235044125,0.0258659909575072,1.0679976827365316,2.5049938635370506,0.0033175411811763,2.410195157141546,0.0421142073340994,5
E2073_294,0.201619466633524,1.1079018633591262,1.224002641671912,1.8358875586461445,0.1865516563103149,1.6903595975617716,0.0304682453514251,5
E3595_387,0.2690879179422199,0.7119729220901656,1.842771417477782,1.4986579797074242,0.0640600045321495,1.87466382260656,0.168494012789983,5
E4919_414,0.0945827948672479,0.0239620282113161,2.077052888860767,1.5708861052972074,0.0754668329846905,1.621658207746531,0.0755170065810218,5
E4793_375,0.0579451773397414,0.4905550326745402,1.9488157288423047,1.8630059158378176,0.0317044700346044,2.5283010805088826,0.0893189583784091,5
E1215_312,0.011026409375057,0.9124048154823314,2.4163522503768857,1.439476854691894,0.0394703100562137,1.9749096792769547,0.0232891550653214,5
E2206_360,0.0501394151507856,0.4810172134819866,2.2587854402363345,1.7412286887594832,0.0205957600575527,2.030424796562021,0.2257596445490502,5
E3658_429,0.0370738397970568,0.0651610006278457,1.2579447330812112,1.496650965800292,0.0020849458866255,1.7614543702011634,0.012274798070327,5
E4691_473,0.039498057284209,0.0047015062993655,1.2726207739043358,2.127267420790961,0.043910316360418,2.0024326275383366,0.1222607228698189,5
E4757_430,0.0993359535868115,0.8311560941063965,1.7414409869758705,2.217065213775648,0.1173102052223249,1.694850220467088,0.1342096262270132,5
E2565_343,0.1193528085228749,0.2440673291267771,2.2444828377741106,2.8857712612954063,0.0050283736403792,2.4153575454146696,0.0022335743344829,5
E1791_355,0.2579197345228488,0.5088080163836207,2.099245574294394,2.5373223828498443,0.3099038728434378,1.1046188778880583,0.1572991990285997,5
E3562_377,0.1806402496782553,0.031029092885166,1.2556777531054415,2.5329095646557738,0.6191289751331183,1.5847622685391254,0.277591095743567,5
E1392_437,0.0019266212244337,0.4889897948514071,1.903848123111304,2.3508077451566285,0.0402424563014073,1.7671351547222116,0.0035390826545851,5
E3513_339,0.0884576299416442,0.0141467754522963,1.9998281389404635,2.0446475404910154,0.1209872254733974,2.3147913984701587,0.1057081923931042,5
E931_415,0.0381606879592714,0.1683777790267396,1.870470902079294,1.5155817769009916,0.0931438422717116,1.762710756366835,0.0146757538148017,5
E746_404,0.400543104227503,0.2108454199825381,1.6076032569951435,1.8414919250870403,0.6945941941146739,1.7889225758542628,0.2226978964830156,5
E2578_356,0.4997590042627255,0.0085789456817947,1.1887496780107647,1.2969239675915043,0.2610006063502489,1.6894175453522449,0.408630817707431,5
E4730_385,0.0154614284247189,0.042927156891673,1.1852224844308443,1.908088516647324,0.0557565377599944,1.774389626362486,0.0326750595200114,5
E3341_366,0.0015378062327173,0.5757170013330469,1.4173797460008244,1.8697786979113475,0.0013825736752348,1.8261291906252748,0.0164757912407084,5
E1404_363,0.0005038872743687,0.7645670376111442,2.167455993970278,1.7431625299208575,0.0079366026737133,1.532119668310302,0.0186449278621516,5
E690_360,0.1590348503826692,0.764320351444855,1.4462776839811256,1.738296620617536,0.4286173958516298,1.8582530395093824,0.3280753624791013,5
E4460_393,0.0103850221580146,0.0111457032776592,1.5302863976640046,2.0217119347050576,0.012909719736622,1.8063853162904808,0.0381060278290047,5
E261_403,0.0069651839813376,0.0203982344828945,1.6809487115711803,1.647261614344765,0.0037126620965596,1.6949272266171933,0.0047569188777431,5
E4986_354,0.0021817548898571,0.0114106025813262,1.4840734726747231,1.769643584616894,0.0136208858395892,1.9519541206624864,0.0002979975286295,5
E3045_362,0.0013081822778932,0.047156573137235,1.4756727022708251,1.8751753771214903,0.0082975496694647,2.0504884420547853,0.001532865543711,5
E3718_405,0.010207105982088,0.0012425664046446,2.1472173009584283,2.3929384749313174,0.0035257885765001,2.544460158473172,0.0010661678752561,5
E1786_367,0.0030678827595324,0.7228819038090198,2.0484274185949647,2.410450153896981,0.0065413487439183,2.5946743660516693,0.0030949783189359,5
E1728_378,0.0091636015283141,0.0964288471685167,1.81958718722888,1.8630040078118264,0.0485182450970427,1.6617370489820196,0.0352905129786224,5
E47_378,0.0067505881523499,0.5534298232978615,1.6482434944214384,2.396424278297311,0.0063876702447016,1.76249161615435,0.1454280002033362,5
E1941_379,0.0110175616990437,0.3027001072653466,1.6907254761015502,1.4498165649349233,0.1791306926446452,1.7382116101516607,0.0446693343209144,5
E3221_433,0.0996070068890474,0.0156377842298505,2.3688580297460464,2.2301007328683653,0.0116088121579947,1.8524002464387748,0.0621229692779664,5
E1789_293,0.4852854933957309,0.8436594067991801,1.468594429636808,1.3139808025891968,0.7753099500466918,1.921752374757856,0.2907104903135132,5
E145_335,0.2652800563352089,0.0254598515409408,1.6871376704473784,1.6042548420033351,0.3390361571247797,1.379867165421618,0.2710552140373186,5
E1012_341,0.0108101946519563,0.2994296848546174,2.123941853050567,2.5290299932851337,0.0370608648304068,1.8685721687490244,0.0055579202908032,5
E4075_385,0.0118205325477364,0.1452271223303878,1.9429021183471025,2.2465116895764283,0.0004670687227829,1.4358611016663296,0.0094897491879911,5
E136_389,0.0270553493386277,0.0261115814610336,1.1539171359659823,1.3951060251080414,0.024648261240059,2.19709669669093,0.1098185903498723,5
E25_399,0.0167685928328943,0.0098927776058682,1.1935759305229685,1.9550853475757628,0.0560552241535232,1.8249386064274773,0.0364764277083398,5
E4594_357,0.1583419912098958,0.0194079481438462,1.7008434334382243,1.87671581424301,0.0184496605019141,1.866786060116624,0.0456751605140737,5
E2530_400,0.029362661427959,0.0044772952888968,2.2065860812231706,2.0767526433697645,0.0071157420170947,1.4927442051313693,0.010764010371494,5
E2931_323,0.0675585722893683,0.4255461598603291,2.51557753804288,1.5071509277421011,0.0561982733487566,2.036197684437793,0.0043531280751038,5
E2637_433,0.1431669144833171,0.0002751134519386,1.4321257367547056,1.7515688737989592,0.0853730215158342,1.859223284008276,0.0513903544349885,5
E3320_415,0.0110534737770309,0.0471257783847056,2.503662644124508,2.1309767931043337,0.120571723753966,1.794770176102064,0.0564802327483796,5
E1822_394,0.0710713996649326,0.0089305810000331,1.5053989431791706,1.8388279868274369,0.0449727991072911,1.841733253215189,0.0114151927512794,5
E4996_306,0.1331902908746531,0.3940990786077185,1.8955513437937184,1.9373206704750845,0.0944064952136283,1.8624167697190968,0.0320524461158474,5
E2968_413,0.0199674141193884,0.0008927429277846,1.5882803034128514,2.426456190740152,0.0124829254220243,2.025592236222658,0.0083150822438856,5
E3364_444,0.0267977609266501,0.3893401501175463,1.3314109227887343,1.6711998747475263,0.0449239924882305,2.45513219739315,0.0620063162594212,5
E4367_315,0.0768464169730648,0.8041274269052558,2.2415281854255094,1.6361642822337257,0.06820213752773,1.6542265344500269,0.0141927889401711,5
E4603_350,0.0046129553544882,0.0003695253204206,2.4228728717022148,1.8465131833357653,0.0014066559516719,1.8926091986459164,0.0055724007556938,5
E3148_424,0.0214614396580849,0.0246503113405741,2.0777361123562943,2.269314698937876,0.0682900943669259,1.9436539819966028,0.1119658038066295,5
E3933_347,0.0947267602001841,0.2605834808454773,1.9467175745728007,1.8233894596395808,0.1167852895183668,1.8212028184625109,0.4769731859284487,5
E2068_395,0.1167520233567915,0.0701487595157936,1.6951730074486564,0.7338289852406131,0.4806478088764803,1.366480301438159,0.2170720854766954,5
E4029_381,0.0019649868660699,0.0197420237159794,1.1019188490548992,2.2331230329635896,0.0127271847229948,1.901227111451272,0.0131956354943962,5
E3398_347,0.0012837420330221,0.7899039542354914,2.1310774481824826,2.01855985192492,0.0089245116368707,1.9789630993630856,0.047994604263005,5
E3075_357,0.047789263739904,0.3766595784606273,1.0028661394720848,1.702409753152596,0.0046625077799246,1.931716833738712,0.0018460012420757,5
E3844_349,0.1281387918988896,0.0859998718272465,1.4348993769939895,1.9973531953605383,0.0328721421583947,2.0483477596954702,0.0443681489272943,5
E1640_395,0.0426789910478297,0.0380503237518213,3.0691352416432287,2.5151426578674907,0.0068042962847138,1.6222103032852508,0.0033324608825993,5
E2532_367,0.0491148230824812,1.02679927700077,1.672945945903218,1.8315576161393123,0.072264184445146,1.6658865418473567,0.0774703328115151,5
E2004_413,0.0059785616941373,0.0719905674830997,2.034750413419175,2.049911796939897,0.0024029012743354,2.287323395049813,0.0442638335275356,5
E848_392,0.0525576255116742,0.1231172848285197,1.95735333161902,1.7244904469363012,0.0115864426402121,2.268842597599888,0.0649588157272686,5
E3184_408,0.0013844914665986,0.0355352401084425,1.7263709872984931,2.3366431319648195,0.060607700830886,1.8296603460698109,0.0002081801933744,5
E4671_382,0.026618152484574,0.4189537179869585,1.930082955997518,1.4609297121656672,0.0063490749776307,1.541363820847596,0.0366339375263659,5
E2808_385,0.008342348552999,0.425972972998662,1.6321668357642027,0.3414147806138524,0.3294898381626603,1.7348516423931948,0.3205000557063219,5
E2030_348,0.157505901779523,0.009655961352151,1.653415076328624,0.4033827142972089,0.7302091399010735,1.7461865723591086,0.9782277199750656,5
E2085_412,0.0017601673854149,0.2921122043305991,1.6261290533085468,1.782319613125683,0.0039424810854518,1.603456067216418,0.0036195130887641,5
E345_329,0.1454657002360989,0.2588529971190428,1.989514860012732,1.779990365251501,0.3970325234714629,1.84321863176063,0.2693566113347668,5
E2401_481,0.0119788466421356,0.0082689368299384,2.395543715440041,2.4887383534542464,0.0004636901489114,1.542457778979064,0.0010299856487551,5
E4209_400,0.0159901177901492,0.5321350455612509,2.086420868849491,1.9669898041256024,0.035277518432246,1.7964753751011389,0.0964949041660663,5
E2896_363,0.0265174831949599,0.2733572471233942,1.5222551118958791,1.6480419825942412,0.0062761296294045,2.4657123177714886,0.0089274237878552,5
E101_309,0.1477437814152902,0.9636997261059628,2.174473255343535,1.4914383095471182,0.3491982937943206,2.0610101506652865,0.3947830862073083,5
E670_394,0.0179584506732718,0.020741634257431,1.4785220112440245,1.903979074988512,0.0565595939200093,1.8081726274230616,0.0146791610033905,5
E4038_369,0.0813983486585943,0.1456129503591745,1.8255939172874056,1.7233050339381353,0.0229297266765497,1.98847491869042,0.0251839617614064,5
E3024_450,0.007359113903017,0.2572618983867752,1.1781257430004182,1.891405809140836,0.0158374997677007,1.696663931243556,0.0241152837554663,5
E3541_352,0.026206042235588,0.2505682096801949,2.2015243806279057,1.4774352309074974,0.0831613621325423,2.2545120968806365,0.0233978397003224,5
E40_381,0.0104574156754649,0.0744964208533345,2.218764029924422,1.8521837730468145,0.0106999823771121,1.8496264057666048,0.0476445132984525,5
E79_428,0.0138518346640446,0.0924256810131037,1.6681161296905502,1.9338153836884964,0.0018304129576481,2.072696488129193,0.0416892114119808,5
E154_441,0.0253826435234757,0.015822573043533,1.0795573455705787,2.1169634094465133,0.0363597087306796,2.033755572952073,0.0046515887092253,5
E230_391,0.0148818503710163,0.0785942350857512,1.3195440490498305,1.964863003491124,0.0450173061281198,1.9182094520274164,0.0214490686201538,5
E1386_346,0.0007063258581477,0.0003670267764736,2.601681056838657,2.3541077275081395,0.0017160877055844,2.6440688621348136,0.0294308174373381,5
E4607_380,0.0399570908762501,0.0314364289134277,1.6084001610428105,2.428403651165594,0.0138257770029285,2.7555562152895177,0.0091537796267931,5
E3884_326,0.004217462710915,0.5975605426650026,1.4900344901888447,1.7282117262384338,0.01272953698086,1.7554221974754096,0.0143368677970746,5
E2407_379,0.1159087888150504,0.002797517499838,1.4827478523745683,2.3135529252543154,0.093008160799263,1.7629754693044908,0.0792386331301168,5
E1132_408,0.0456283913111905,0.879971587298212,1.7285255210909494,1.86722393083956,0.0422941729141171,1.7809831305898478,0.0741093491399121,5
E3222_400,0.0022323770362942,0.2048829967474652,2.186339017334942,1.9794771557154656,0.0196841412487812,1.8651161558199725,0.0409401907887613,5
E3869_391,0.0060957701150061,0.0125654147788886,2.209879039070888,2.528060327937655,0.0007519799959102,1.7047379310065718,0.0570430325222862,5
E3331_321,0.0633721174624348,0.0271536351003132,2.1009980712570124,1.946798703330471,0.056178277659312,2.195085438211287,0.0038158322975855,5
E3935_418,0.0226467658775677,0.1109420223922522,2.2016451717780243,0.0140158086579464,1.4241818088195817,0.0197069546549755,1.8175294880757813,5
E1346_393,0.0510167128015793,0.0171077804254951,1.3699757980424243,0.0015354256323633,1.8194035800254915,0.0250132695015102,1.9356536687607813,5
E88_378,0.0830605143976852,0.1868704907667534,2.0214762100338057,0.037480932902154,1.8123971928261025,0.038797760553211,1.4831974202025389,5
E166_349,0.0039509873099182,0.1208400146269241,2.090635032276184,0.0043016375257774,2.629376616495197,0.012223632606022,1.6892705219769844,5
E1063_411,0.0456940842838267,0.0241633876564754,2.5609810079398136,0.0335053602343224,2.0927851533733217,0.0221757714673527,2.030389603650111,5
E2349_447,0.0071549163201559,0.1401472659532423,1.2378421445274026,0.0352233173191166,1.7441172861516283,0.0008672679593107,1.8232809207276783,5
E4440_363,0.0233371696668622,0.5657500658099589,1.769835752849377,0.0836903557085026,1.976697896076756,0.0090667996567476,2.0856902866049127,5
E1557_357,0.0405210073151055,0.0271454095181939,1.0264143154069532,0.0001484938637826,1.9463035880698945,0.0098298100451251,1.6506227018210784,5
E3177_261,0.068429476717135,0.6107072106930823,2.223748349458228,0.0726681443136421,1.5760190087585164,0.016706069108041,2.165087909505864,5
E2421_266,0.0236829112879692,0.2490923549325664,2.3100054797490226,0.0309525306526972,1.5762064584371338,0.0050630479077224,2.575332673589973,5
E1439_329,0.0470659364837175,0.0428462226438955,1.5664814856240232,0.00438415685129,2.179720326816248,0.0811466004055425,2.5630556148430856,5
E3863_271,0.0050098712397197,0.970246933737946,1.8551070949495672,0.0409455041083244,1.6508997095715623,0.1108283678066998,1.9754774572810991,5
E64_438,0.0438367432916956,0.0082545334978362,1.797953889107308,0.0181323797766858,1.6861708722168811,0.0062066982189902,2.2922377482087803,5
E721_367,0.0216376396407407,0.0040462122298562,1.082103539481718,0.0771983410932771,2.03017246884104,0.0347723470751668,1.5842405122384615,5
E2020_454,0.0136875059908299,0.0354691582859306,1.060377634120407,0.0158768634395437,1.6659717896419166,0.0202404821870464,2.456216970434213,5
E4911_425,0.0120734468196923,0.3230019677792976,2.1630310799405468,0.0111814073455588,2.16825707398287,9.88145587794368e-05,2.3247166812376383,5
E4265_415,0.2287938427809525,0.0161262599385433,2.313377863815468,0.522235679265345,1.6482113108875378,0.2056559221995319,1.1427606597454691,5
E817_399,0.0413421381330346,0.075844229594148,1.6667043497598089,0.0634316115175389,2.142898273603357,0.0232444821811586,2.1474336251194286,5
E1220_440,0.0513585273562904,0.1254212110554168,2.188729917625861,0.0118177248560315,2.005679690319956,0.0038443677001933,2.068128932430396,5
E210_345,0.1083850572905207,0.5107015034742387,1.6217447496618351,0.0730256517030771,1.8926485207937287,0.1614249374567744,2.42466858924746,5
E2494_373,0.9050078131622112,0.2526270701195149,1.5299716349888532,1.1212225072166404,1.745069644621695,0.6922260325231738,1.569262593976097,5
E1288_315,0.06425473348901,0.6084526194407204,1.2938669601689186,0.0048410117593593,2.234822566801528,0.0007025403927516,1.554312121611078,5
E4860_323,0.009009645145379,0.2796156478658922,1.712556657861127,0.0149278856384244,2.698909863073278,0.0007458496848586,2.33147116755552,5
E720_347,0.2152250018140905,0.3100898931026659,1.9639331143663383,0.3056390995071467,1.582927902029818,0.0236175238581176,1.9231461010365047,5
E3523_457,0.0158566679215719,0.0069493584743964,1.4588434509499189,0.0358958206363704,2.422107407201456,0.0201408261981468,2.004784579101193,5
E1052_372,0.0207362855943258,0.0084770728801457,1.7407048618442489,0.0112745712565087,1.945751869609872,0.0137905117319793,1.7912219516937644,5
E1984_339,0.0680312816137864,0.4754146500078006,1.6473691751080008,0.1174210576861985,1.6939865549782898,0.0330977254157724,1.9374123984691387,5
E3097_263,0.9186328601570078,0.8617800547577691,1.5497666076797554,0.562060160973282,1.8035127906412216,0.2442900101523926,1.6765108140927705,5
E283_307,0.0141185745912766,0.5660578176471192,1.6008011833516822,0.0401887245602735,2.3888219054495696,0.0241727681105598,2.2220764977533,5
E1448_286,0.0256289993634554,0.1617165141599801,1.7384208620080617,0.0842093335466064,2.2188265545319794,0.0043880684291603,1.6214769881493785,5
E1034_370,0.0227830525230528,0.0448509139797365,1.2843981537355382,0.0444491494600937,1.7374146478398167,0.0103216253830526,1.8918096637655764,5
E1031_287,0.0944306925688727,1.0463702051807922,1.63709074865757,0.0829463567869295,2.2764153341287576,0.000503896646024,1.4742356144122497,5
E3143_484,0.0068850725237847,0.0272215253947977,2.4687802932244245,0.0341121503755804,1.9338359172691184,0.0205722097625637,1.5643986674771824,5
E3713_429,0.0300947422112038,0.0638270198689646,1.2700281109319254,0.0005900780751868,1.6109631918567004,0.0118077677957355,1.527353423769025,5
E369_346,0.0596095080983319,0.9309882913925244,1.58802594021848,0.1306565327432672,0.9926960341621422,1.2142871393829324,0.9517091529473496,5
E4822_323,0.0383873239156554,0.0227569000656381,1.111147537267953,0.0386724859056494,1.1779752769216691,0.0015157248235393,1.9683177259007267,5
E1681_340,0.0774233259166359,0.4054781117301673,1.8334346935654149,0.0426175482786548,1.6000876911780348,0.1090409212209485,1.8059873152944328,5
E3227_438,0.0019947119139189,0.0382857092834119,0.9999970884896918,0.0533690064559079,1.8909985507850808,0.0213979675096362,1.4185902478860803,5
E3116_289,0.508837004235364,0.7861978648313391,2.091058519277559,0.1678200867028482,1.5638307660816704,0.3217920966786867,2.051669375210189,5
E3559_342,0.057676755285889,0.198347609833261,2.358812671583716,0.1489749180954898,1.956795970117064,0.0372052685549224,2.0569070562021814,5
E776_388,0.282805572574623,1.0473622773245537,1.9550161122377023,0.027627515573575,1.8521391907160631,0.1505417207950883,1.8055295937582323,5
E3661_368,0.0684243660272049,0.0036740553726413,1.5649825955293362,0.184404135131936,1.4649331005157384,0.0343791129904604,2.868477077228848,5
E3234_368,0.0661420403506599,0.4358143629482921,1.7153123579345155,0.147477315429939,1.6976311487606734,0.21380826394617,1.5520804472111716,5
E2478_358,0.1128379301794398,0.9161954645614696,1.7715835077834423,0.082985652893052,1.8723361824293032,0.1478130169896634,1.9554426675623944,5
E3193_480,0.0156945103455699,0.0089198839406533,1.1211317540208496,0.0117625596147834,1.6146695778653728,0.1176499655027937,2.6417359739489474,5
E2906_378,0.5927462532321067,0.1085531035825255,1.5746941435632744,0.7071235815377127,1.3387440499558143,0.6601160255819793,1.3865551606577775,5
E3624_377,0.0645462737801288,1.156309937508795,1.896588897800324,0.026868848244861,2.1948338424567897,0.0092968278128277,2.303076757893145,5
E1937_305,0.0547606280608722,0.849781255646316,2.311578670062513,0.0930250253238756,1.7799658939736378,0.0029034606095138,2.409948106122028,5
E3797_460,0.0622993866515099,0.022318362798544,1.7815728252227931,0.146428285132753,2.270524063469053,0.0053350128950745,1.6999660045311156,5
E4186_336,0.0939552561626131,0.0129221990236955,2.240282665040552,0.0045638851884824,2.3012416558601783,0.0098866903159793,1.6635093260630245,5
E3739_321,0.0425921311326854,0.3085121173223262,2.0157998292242323,0.0184187913001506,1.7376495526973972,0.0002378254387896,1.3450418811238063,5
E4072_357,0.1091458021487936,0.0341241594978247,1.843422744848004,0.0056189155887643,2.171027670169346,0.0014932461437344,1.6830501116661205,5
E1320_381,0.0161606485316366,0.1655262947291461,1.7804719994337517,0.0018664767510292,1.5434462451637043,0.004322724405087,2.217158814545633,5
E3626_401,0.0667966824793544,0.0007765328720786,1.2507253595685757,0.0098935486876951,1.7727460455701924,0.0091441594005319,1.9921579705105648,5
E3822_366,0.0010242378108965,0.0864826719311763,1.9164613038790008,0.0118843631138076,2.0698791048696124,0.0146206593041647,1.6579746751071198,5
E682_298,0.0204769986458561,0.6110966196393396,2.068168881661328,0.1808135988742767,1.81226722439814,0.0452872009043679,1.5950048086658777,5
E3676_305,0.0130222445353914,0.4592662971309752,1.125341185581226,0.0271772049856262,1.6170410414119911,0.0625543710944554,1.83506515341669,5
E3491_375,0.0350853685193527,0.1656522578160852,2.023882949238015,0.0045474019403105,2.000401495658512,0.007590543666443,2.6857384201540904,5
E2663_346,0.0012152249992326,0.0334258508263115,1.5193790065953312,0.0362445885027478,2.312605350910734,0.0126189685822543,2.603537563498536,5
E949_357,0.0250878377041086,0.1946920543185752,1.7633617568446,0.0186366591520919,2.3351294141675067,0.0026362884079107,1.5482641628985272,5
E3429_384,0.0042919647045447,0.0427940118345144,1.5368180785530137,0.0153845046855911,1.819803224231608,0.0560005119342994,1.6836017451543015,5
E3644_386,0.0204170326808544,0.0238552350910358,1.4913156712724531,0.0003291065784255,1.8654692178605567,0.0209350912587407,1.5109907886704552,5
E2935_471,0.0340171555104772,0.0062682630674357,1.8386862995425184,0.0177917735939707,1.4192269236579091,0.0011998467411656,2.212477368905929,5
E806_313,0.5803989240995996,0.6767528739781455,1.5511817457492747,0.8196820710540069,1.4383892030206158,0.9538239698455554,0.7326325132663288,5
E787_400,0.1197373100569089,0.7655813637117543,2.122565333554914,0.0420789230346855,1.6473517985552308,0.0710214935818732,1.7970352781367012,5
E2542_322,0.0253696146853387,0.3761544805676234,1.8790298989212189,0.0065215908105416,2.5779886126873675,0.0207079780508007,2.457299361600658,5
E2394_366,0.0130829156769165,0.0084138076367547,1.1345851993544505,0.0266069929788744,1.582142478537212,0.0143458473469298,1.8031690110513448,5
E1839_384,0.0488380437698215,0.0004413377554486,1.2543548786171008,0.1264942116641371,2.7339963648839305,0.0061664306660492,2.288807715329293,5
E392_395,0.0132747342895023,0.1463460279118056,1.939776720760188,0.0259395369470385,2.5009393372467046,0.0058474185494364,1.683434174536829,5
E272_319,0.0033073547370062,0.0303894952238409,1.33442921766988,0.0350720591081795,2.3531777114657237,0.0156254132428553,1.7434379507648967,5
E538_356,0.0225764003897043,0.0333514718262671,1.5642979745081167,0.0132556176879016,1.8283667653064053,0.0277249066913111,1.161572131298856,5
E528_348,0.1019932963976166,0.8501867354094825,2.293718018495003,0.1321980649687635,1.8251502324502584,0.0101858760325987,2.0381961156452224,5
E2540_275,0.216057514886953,0.2278874584132818,1.9600172363584545,0.2659083096270089,2.179642416715209,0.1815408858432184,2.0062526583632407,5
E2246_365,0.0135643235624086,0.0116520295589719,1.7991363151683653,0.1894553530421495,1.7649479052745611,0.1508762643113066,1.7215992775296394,5
E875_390,0.022054829426667,0.0630788800754053,1.9137334830863064,0.0312453568815558,2.137108129061594,0.0393316300535875,1.431211407643204,5
E1982_492,0.2118238792060334,0.4700842044229798,2.3477426673135,0.0043336345073237,2.1858520038651417,0.0019284815710712,1.5087470727170156,5
E1886_332,0.0396944632961696,0.0164491861488302,1.9179886552455148,0.0443176070859356,2.0704456325012788,0.0095241768690605,1.949021809332785,5
E3411_405,0.3204940301585477,0.7334104557257467,2.28792668535723,0.3094440814638086,2.0189445786081825,0.2094745532150986,1.1113894080283535,5
E1750_343,0.0027819406410806,0.0494853894437271,2.295878227961774,0.0641313603290367,1.6115859935269232,0.015156832027284,2.239290908041132,5
E3001_357,0.1785767898895917,0.3033409004844095,1.2544988501211911,0.0511881651804998,1.8109040548361488,0.0632792489330872,2.515854586927169,5
E2893_399,0.0170563606070386,0.1333486859015041,2.5024853628756194,0.0132719514480067,2.2773031758875724,0.0022845676112764,2.20889567589783,5
E1589_363,0.2165311025806731,0.0031461550132509,2.214736651680264,0.034474807522405,2.164868731977954,0.0105934748806077,1.7555202031124697,5
E4298_371,0.0366948418215727,0.3107714552014877,2.0449620060043348,0.0194190036893615,2.0806477151780296,0.0337047885182913,1.835079426346468,5
E4421_375,0.0541627674205592,0.5328799883190338,1.539312038587478,0.0130348684447532,2.1334439076932687,0.0378201698391078,1.964234408612881,5
E1209_397,0.004170984806113,0.0257907858271413,1.854060148705388,0.0695263250187735,1.9273341445098893,0.0123084784892521,1.8834198415299093,5
E645_305,0.009355177945556,0.157352527279756,1.5146602104723563,0.0593160360879931,1.8801713069032515,0.025769226199179,1.8065725817659,5
E3777_351,0.047256351323398,0.7585658118132804,2.5417845326304587,0.0117625917759035,1.8680169419021808,0.231422824072473,1.371058060477511,5
E844_332,0.0011325606004779,0.0212503772170546,2.31431617995029,0.0455622416219374,1.6074774912142156,0.0052610928060661,2.215357217291536,5
E247_380,0.0809363194042218,0.5987522571132645,1.7417423959311318,0.1653847918112562,1.952578180847567,0.3259991647871045,1.213315288480303,5
E2070_410,0.0538161524404355,0.0028743470716342,1.11875959010349,0.0033689932354691,2.31827271975964,0.0002196348343752,1.820821871206564,5
E469_365,0.006439073732169,0.0486988200735251,1.3560511399518238,0.0057879610464855,1.5215482258708477,0.0038558985451693,1.6403109468521624,5
E1048_356,0.0448252793605717,0.2168710295295079,1.9788707359670927,0.025682858688047,1.854190796492512,0.0128760356016009,2.292280242022616,5
E275_318,0.0036905686310219,0.5988237894210718,2.0875102818473974,0.0066415346719782,2.1028935291754207,0.0011837084944026,1.972140690130768,5
E3473_369,0.0176916974596427,1.0293798833233183,2.266492472841354,0.0049514443138839,1.9202387486544616,0.0010865487700523,1.8350239289997523,5
E2965_285,0.0006388582644622,0.0893819424461798,1.812019967936296,0.0835840742447105,1.5063044323668802,0.0786449309763805,1.6238862025402243,5
E83_358,0.0022563350700873,0.2222082271502226,1.4801291268543746,0.0252058159374321,1.8161919061685576,0.0093730881673662,1.7206267917999831,5
E321_351,0.0159035074975517,0.0289351914040727,1.0777325596714684,0.0704782893303568,2.693601119717504,0.0082293178529433,2.0991493407575827,5
E2125_330,0.0272511557154916,0.1421184942766208,1.8935820383010813,0.0490863842072568,1.6603275633616712,0.0445718811599512,1.808452353638504,5
E4861_365,0.332618435267656,0.0187362171123714,1.7085604604363684,0.0983470398310848,1.1287466158783668,0.0059422788100955,1.5217876840297642,5
E2456_365,0.0101314378931926,0.0410224874165782,1.075697930304615,0.0086537614467892,1.7757200598338376,0.0145767155846623,1.8351252680874923,5
E3611_475,0.0003432414436644,0.0777375096521793,1.6638118393045809,0.0151217612055987,1.5226768427649593,0.0195023369783561,1.5593764600141171,5
E2980_395,0.2645467254199575,0.0013480732354776,1.0037485832072672,0.1372699056640742,2.007513686031868,0.0063386350262239,1.767572613422984,5
E4862_421,0.0443408042469069,0.0205757183342719,1.0925087448647326,0.0711050690889645,2.3839583323074534,0.0035964217658362,2.378827460391101,5
E360_407,0.0697743055569688,0.0275701267041137,1.5638293787092052,0.0823784516928027,1.7702310949570097,0.0083829376617441,1.7991670521704153,5
E2034_405,0.0276105480976251,0.0007994231467056,2.011033701262224,0.0307778293717989,2.3099010669624174,0.0028987620880047,1.9918474650434868,5
E766_427,0.4725844842845322,0.018237778489835,1.737447443523139,0.4044011734928563,1.5202064246132485,0.2731678332540498,2.142468979543912,5
E3861_367,0.0370999408657777,0.9034167887189338,1.7761440194793183,0.0300474572048089,2.070403907813795,0.0196886552863222,1.6292427625718329,5
E2719_365,0.0485197733072319,0.4195873981207818,1.8593974435465288,0.0648475236623907,1.592889449887661,0.0760614651257197,1.6026982955149631,5
E3564_390,0.2513473455377057,0.3994951814081112,2.0114411645998804,0.1515445911703696,1.9692684285941244,0.1153636651186825,1.7268760345482117,5
E3241_361,0.0104078173139451,0.2369424293561913,1.9608804683038603,0.0986971620698786,2.236965039949749,0.0067577442807832,1.837862320357379,5
E3896_298,0.1214872050140042,1.087828516809093,1.7503940216182603,0.0523510202095227,1.5853474085941308,0.0212923060262156,2.18064805515904,5
E2806_365,0.0412600183981597,0.0027701726346122,1.8289169318451672,0.0042231524215321,1.5878242506105271,9.45295353124795e-05,1.833389189178815,5
E1100_328,0.0004132607423118,0.4290651046892775,1.9837019026358087,0.0200633303851115,1.97367047436218,0.0033406476371507,1.6856099158475542,5
E170_463,0.0045845113577078,0.0380685501837576,1.474185373131164,0.0227545891127826,1.869061845813476,0.0336379625161347,2.8076963161418305,5
E3420_389,0.0185479495891906,0.7187681028546407,1.7162515244596868,0.0366122234737617,2.2621842980052937,0.0012042923106202,2.310740163130032,5
E1838_385,0.0022798640456817,0.0017308110081802,1.6129660308198623,6.126744209951143e-05,2.2808924383910023,0.0146917112757169,1.8075163805380536,5
E2200_389,0.0734819000747291,0.0339223041763857,1.6178370694946276,0.0449692714502293,1.919923679199512,0.0008558139193292,1.5235090229863968,5
E3675_357,0.0081165583243918,0.1840506488848292,1.6151582539122342,0.0011501774239563,1.295646007833856,0.0195906400374582,2.0386961543554176,5
E1644_390,0.0647080385893484,0.6049476656903844,1.5610028736199282,0.0213790845113982,1.90430656084063,0.0119414736520569,1.8690508756440505,5
E3792_378,0.0125444181363233,0.4817521781977039,1.9740052406360744,0.0243924476728167,2.1486539701461185,0.0151432760948565,2.011226083349603,5
E4855_279,0.1279651796243474,0.2739396103293468,2.0508312414134933,0.3517010582276565,0.9569314131009964,1.0710655966961216,1.4816304886069367,5
E934_442,0.0061855069955803,0.0145820018510342,1.1290251620910898,0.0174440824347531,2.090185299869214,0.0070518001157101,2.0063845114321204,5
E2626_377,0.0026104640757865,0.2351624355059219,1.8133306426048896,0.0221083926208557,1.5527363950431583,0.0095008409271856,1.5940572009515008,5
E1592_398,0.0311817249165505,0.0802749805931879,2.0825934271505897,0.0646782239105072,2.266187513116724,0.0398827127564733,2.0437717613378217,5
E1142_277,0.004857553242798,1.1756849630340915,1.7000244184143949,0.0318987978002779,2.475054935332522,0.0029849118811628,1.5814543997397073,5
E3417_353,0.0978243705267157,0.179106582860564,1.8118026825279847,0.0174887071430488,2.50948090527098,0.0095457947116697,1.66550475387615,5
E4112_410,0.1736808265746426,0.0050655521437875,2.1261950782647467,0.1351730264833992,2.057280608007773,0.0151845425345201,1.8168547987078152,5
E3408_379,0.0024402676590236,0.0485658737914253,1.6815644014999875,0.1154951320542005,1.4374153739011208,0.0155069774543997,1.2441575576293935,5
E1659_296,0.0047756496396813,0.593802285875344,2.0076448181456708,0.034609791137588,1.6776605949115502,0.3418668113852532,1.6416179126476622,5
E3437_399,0.0016539993546707,0.0062942380404059,1.409349521883325,0.0062870153093585,2.210807206984738,0.003264168072223,1.905688166562704,5
E2879_386,0.0112739363714938,0.0243537578069054,1.6866409170357215,0.0232900862527441,1.4994447901775618,0.0010794649985068,1.9754417423388373,5
E1287_337,0.0061545208129284,0.9998152017803914,2.3100432277787597,0.0016144524409139,1.7512572204295995,0.0014288856394652,1.8826798205687816,5
E1513_381,0.0482255365557836,0.0658456265240542,2.012110930148095,0.0299524281092135,1.8732467488243432,0.0968033310199459,2.006613592682096,5
E1298_397,0.0382661062436692,0.0094199566132718,1.3520058476866457,0.0123618400002235,1.7383497113218818,0.1592293344583117,2.1165141534066825,5
E9_326,0.0011237093720841,0.6535837015545137,2.1503032953050507,0.0046198997415227,2.128032982046046,0.0051229995824836,2.010333937547644,5
E2417_391,0.0036797082173887,0.2210117246410446,1.7960508521970342,0.0091286210778646,2.099010019259761,0.0191577778640713,2.2199450547266224,5
E2962_406,0.1078895714501577,0.8878721134132105,2.6826129122041387,0.0427788581592308,1.6156762571349774,0.1477457583549946,2.077759345010906,5
E3610_328,0.3540019947395126,0.6461312650012556,1.7341083157021016,0.2895411102146359,2.3913418249545924,0.2344703680682623,2.0494901138524884,5
E4396_415,0.0341705315871433,0.0021768298565337,1.5304712521556825,0.0345845846291572,2.02248148554894,0.0208576161644449,2.0135784411793884,5
E429_366,0.0129306688572346,0.0322551669535961,1.5686966253036807,0.011792596326108,1.4694515743554557,0.1617438483625417,1.3376863561299976,5
E1843_297,0.0203143196275708,0.0089342832182438,2.204285056738055,0.0891966297317393,1.78021006759279,0.0005688468331189,2.073178323350761,5
E130_357,0.0805723255130035,0.0242392911574403,1.9638626199090865,0.0283786222935087,1.7843286701944197,0.0006047460224977,2.3634929001060856,5
E420_393,0.0043069104449418,0.0050733935784735,2.268592960710848,0.0406339496297849,2.2787750170101817,2.51488587124924e-05,2.100340423370887,5
E2679_427,0.0035624371400928,0.0069075187619148,1.65664051050789,0.0021381884234491,1.9817833009947867,0.0010659075704998,1.861198289012259,5
E178_489,0.0476627289890707,0.0006737334324207,0.0614761049539287,0.0030344338113368,1.9802565052574128,0.0227352489480166,1.958149644488708,6
E669_428,0.0122799019460736,0.0027834119345896,0.0524219575663791,0.0222591280604232,2.1647674148165152,0.0204826401287892,1.6438687056168058,6
E3570_499,0.0663521164608973,0.0157248233772715,0.1790582831797715,0.020092666135787,2.4712658634690774,0.0023861304114482,2.043431460607568,6
E3801_463,0.0251784950829137,0.0154842588700013,0.0006557259104929,0.0263129138443775,2.0071521073601426,0.0215177824111864,1.590876213300505,6
E1185_354,0.0151684515205776,0.000911378664938,0.6131994631316741,0.0159201246169088,1.9677139701489168,0.0009003595078572,2.1122440364345363,6
E2739_418,0.0056276052501718,0.034457664134077,0.0007628911927648,0.0200337705702825,1.896631635116911,0.0041556888808787,2.786077986730953,6
E3537_409,0.2964095431079573,0.0484774272322503,0.1373640632984009,0.5796410573704911,1.8354332222687648,0.0113231854077574,2.0403659383129096,6
E1030_459,0.0168220767724916,0.0029330991894247,0.0796611390496087,0.0541567399645092,1.7141496807476193,0.0050574630216169,1.819330543992934,6
E4714_482,0.0020101018648589,0.0062948719664018,0.0023065425153631,0.0346087898617275,2.298800209111953,0.0074011275444457,1.59099620277175,6
E2179_485,0.004374490714022,0.0111262308898189,0.007797253920213,0.0327321676873901,2.221774871209588,0.0141660412889824,1.463628273692962,6
E820_493,0.1544782914439932,0.0101201486328377,0.3987324869605203,0.0071609098883576,1.9170542971790148,0.0029403077028945,1.638302457998294,6
E1718_408,0.0679171740917123,0.0189841306560705,0.050903729930333,0.0070682996556883,1.9077761071569217,0.0377196779746297,1.7155185329612634,6
E3236_389,0.0614209906735734,0.0536523639175263,0.7144638223291201,0.0082195495710158,2.0679358808710178,0.0474765678860489,2.0785137235152544,6
E741_431,0.0088546819868921,0.0267135922137223,0.0338688940837597,0.0051319804543774,2.490192539389432,0.0278358788734451,1.9939520332792864,6
E603_456,0.0123528501696292,0.0137127656325751,0.0008717078038843,0.0032854498558577,1.884535161961614,0.0115583588739803,2.104315425965038,6
E2554_474,0.0443311201431103,0.0031387372189846,0.0049065057945506,0.026492221565014,1.8874248276339,0.1427530176793646,1.9076684743676144,6
E974_446,0.0152891000424305,0.0030902231884036,0.0827645053931584,0.0180451529983359,1.967119170807022,0.0359115425935309,1.716012514957386,6
E2953_417,0.00736772040762,0.0096402790620567,0.3015039170712887,0.0092772189356877,2.205966506528457,0.0042792112332424,2.3065486035660414,6
E4847_428,0.0076667679284968,0.0193688547197171,0.1827674868105911,0.0024239711165805,2.3239382329741627,0.0285013402278742,2.179888760108425,6
E2612_443,0.0033470812419842,0.0003737560710511,1.6508945406045264e-05,0.0050821340011946,2.1510486888965823,0.0086866908409954,2.159572581633093,6
E147_481,0.0087948175677342,0.001866641751997,0.0213317091495735,0.0238370745297549,1.8867871112935168,0.0312896339436095,2.138208399433485,6
E3212_418,0.0033057823000955,0.0003536662960768,0.0234651585377287,0.0197459546681191,2.310730473076893,0.011595935232602,1.481762560726324,6
E886_495,0.0501460030468294,0.0188461535889777,0.070107227568948,0.0052456963044057,2.0858278731344,0.0152868473115167,2.2572139480226934,6
E3558_460,0.0016938547883896,0.0053268862454741,0.0013949495423254,0.0042379559461944,1.8346355484058257,0.0019634076233553,2.0198517943506906,6
E1612_462,0.0211271781053587,0.0361936466600984,0.0701276675012496,0.0136093582189706,2.755240867357226,0.0345776036475051,2.389596297636244,6
E1753_468,0.0474452486194352,0.000267695556765,0.0320302643663055,0.0035673441970292,1.8567588525823424,0.0371361939609945,2.096726771370021,6
E1457_496,0.1094207584178003,0.0083787482153872,0.0343863272417563,0.0006884292320176,2.0833626415470854,0.0002221657608628,2.1159733221494714,6
E1062_429,0.0259373595663039,0.000391549689618,0.0614532377851697,0.011825758811126,1.7620638475811536,0.0180318847534575,1.8328124209563263,6
E3303_484,0.0636732023764052,0.0621048717162858,0.0013803488934484,0.00534063057565,1.857546929457692,0.0058036106145542,1.864354303433176,6
E184_466,0.0212278919678802,0.0293300977703397,0.0629041727253231,0.0273070653577456,1.4465117596857109,0.0288955597922407,2.245171446525235,6
E8_457,0.0614734538239494,0.0047021698173651,0.0052602758483053,0.0027170677808116,1.767928415266172,0.0021272334750122,1.7306319286370349,6
E1482_465,0.0096825660171636,0.0303464684272339,0.0249087890731277,0.0106427397657621,1.5473166393979905,0.0181647936972422,2.1472659240112844,6
E3936_413,0.0269134826511426,0.0440628580870342,0.2820661860891228,0.0130847299144322,1.9410692315471407,0.0026215207996772,1.7796536273199133,6
E4758_480,0.1044095802386427,0.0037460324005512,0.0032719605437531,0.0188807500652977,1.7679000044892823,0.0199104632053674,2.1009405968828063,6
E1623_387,0.0002914748618517,0.0013485649889452,0.083314906729726,0.0033371359829896,2.198046338694681,0.0003283330527049,2.3093908669998693,6
E481_367,0.0039940465733559,0.0052889357193892,0.1470797914451863,0.0026750629166139,2.458023950262444,0.0142545694679718,1.6252377002573506,6
E667_452,0.0049027571651355,0.0128980263483701,0.7969425284495921,0.0934259319842096,1.5930676822002263,0.0129853997129036,1.97587474946318,6
E1539_446,0.0020310738061039,0.0112562723922969,0.0427069012736861,0.0144884014539795,1.851539318000388,0.0363909891190459,1.8296069304536944,6
E3290_455,0.0144535249148048,0.0108405094163286,0.0227847039872105,0.0014657664585341,1.997274316884072,0.0121868223232629,1.5751054409196077,6
E1051_497,0.0001386064361752,0.000701549284081,0.0904043724081315,0.002692173156756,1.7286173841365118,0.0389571453347423,1.8067816528208311,6
E3208_421,0.0047586587179261,0.0080629221233646,0.3519959320558417,0.0078664664235958,2.0978711756592414,0.019384645421791,2.7980806160134737,6
E1153_448,0.0056639470146578,0.0006720927028907,0.038351755545163,0.0150871906463954,2.283003012414382,0.0029323116754672,2.211103818815727,6
E723_424,0.0137321633084697,0.0162007605590746,0.2491147366245177,0.0252818847630313,2.4657213896921304,0.0669948447980182,1.7567588661660147,6
E4147_425,0.1367308500654135,0.0384086740765961,0.0029178805213636,0.0333734976505209,1.706399642882758,0.0498916726031332,2.0923945461655964,6
E3547_438,0.1413099041529066,0.0006939708756391,0.0036780916298438,0.0369266454332406,1.6985088361661698,0.0066742197057521,1.9963771847115248,6
E4920_498,0.0038704459859221,0.0053408836773764,0.0002801171054226,0.0100848190024765,1.3744443144806022,0.0069288789965063,1.8515349167602395,6
E3686_496,0.0034214329337704,0.0234530550173264,0.0026391880260991,0.1234925524633569,2.2337740177502488,2.941667541469812e-05,1.6753206168831685,6
E1328_496,0.0067946119618648,0.0149553679090137,0.0241632879081857,0.0511570945621093,1.8476591593912843,0.0679109765347087,1.753057952471576,6
E2452_466,0.0305998190799935,0.003789700919296,0.0232243088220456,0.0007249832043202,1.9538129292443656,0.0001606633496632,1.687236357604733,6
E4140_452,0.0606233532102823,0.0247038515744922,0.0781058781980411,0.0665503576177613,1.851245815581415,0.0365893156906587,1.7930014275444326,6
E1416_390,0.0180214103680954,0.010363341192192,0.0162932170562457,0.0052311452536095,2.0005221350659093,0.019510905183971,2.322984263343717,6
E2976_491,0.0022378714549769,0.0299798250976919,0.0715893899465461,0.0003233321080095,1.976177693860188,0.0037116857341744,3.0014575301291235,6
E4528_391,0.0232573282828087,0.0007266649698362,0.336180769905987,0.0523408418538019,2.381082922404296,0.0465430953196014,1.983912600215897,6
E2747_455,0.0151690594460281,0.0960656568460482,0.0019944275126108,0.0444797138868246,1.9120114039652147,0.0233154839539505,2.36199178364048,6
E4247_385,0.0038532962726445,0.000162659055966,0.0146309263675131,0.019685076630946,1.6949199079299333,0.0165864191118527,1.7813773875547916,6
E4536_446,0.0032439692755454,0.0820181524443695,0.0016584049559165,0.0026914787326132,1.7897415637008338,0.0192221268946197,2.551954377753591,6
E4130_403,0.0123444149888045,0.0180165771422856,0.0053966597591939,0.0218198945764194,1.8479810142863085,0.0050237983516073,1.5900572740291563,6
E3149_345,0.0169006573858001,0.0093883061226907,0.6623948222545716,0.0594269235065059,1.9754490328004584,0.0007154277318646,1.7878172946990218,6
E477_428,0.0082685339443727,0.0091879882707986,0.0034249767496765,0.0334716330840642,2.8596411261347585,0.0039846798436676,1.7337848346351337,6
E1897_478,0.0279163564941683,0.0152873515029788,0.0148735420298278,0.0164628251177652,2.350546207897659,0.0118401100172283,2.232549871789025,6
E639_491,0.0043846639892231,0.0143613718209109,0.0239861517096682,0.0378376550147163,2.4678486297349136,0.0422344224627505,2.2752930815022583,6
E351_433,0.0027869735065988,0.1637511454981055,0.0045447906289571,0.0076681795648969,3.0869885761666613,0.0737291523900628,1.5223693682132828,6
E2856_432,0.0154480826289331,0.0020194617386517,0.0372523326253613,0.0097067154368559,2.5422510720261444,0.0165359872741548,1.3208707872893104,6
E226_445,0.0329194472824186,0.0153021919727021,0.0318894453850834,0.0052738209795991,1.7043591429661558,0.0059116347171801,1.8800652375624447,6
E3088_412,0.0004505232737302,0.0154595356136839,0.0111564343210798,0.006420792414896,2.774398053476069,0.0133602856854481,2.7349943722114696,6
E2714_460,0.0013481631604872,0.0044620173922703,0.0015528263880475,0.0085441471587628,2.3878799472522307,0.004034843235459,2.037287839481213,6
E1740_436,0.0781317455445012,0.0300090597422279,0.0110870584466672,0.0229501972224055,2.3832271110372187,0.044794535301736,1.925038258246239,6
E4297_353,0.0180670508878471,3.611478159033614e-05,0.0300623883805132,0.0332526208066377,2.4762519180256795,0.0112412494719105,1.961200414255408,6
E4529_485,0.0455101419661021,0.003649547769382,0.0236949465041573,0.0141311837594917,2.5343163603223084,0.0034279656649875,1.3472003370526533,6
E2393_374,0.0664426583042592,0.0172128625794621,0.9825471292659314,0.0553743304417836,2.0602218658440767,0.0325970867511977,2.2260188036459168,6
E554_352,0.0256021820124335,0.0008645223618276,0.1351824340818737,0.000180540791451,2.1949615065660613,0.0036115755270818,1.7458335120833657,6
E1284_435,0.0357384781692936,0.0103933901502663,0.8054356881883964,0.0553352959929934,1.8811346229870705,0.0274441743386777,1.841378615357121,6
E1187_442,0.0494064918939715,0.0116761392445971,0.0224354624699011,0.0033678776771539,2.656913739962492,0.0169682535817111,2.398305509827351,6
E4166_410,0.0055704148347947,0.0014241667816603,0.0634810150131406,0.0188126666748137,1.6732642987610191,0.0222194914730918,2.305004697628425,6
E3567_459,0.0090351650868873,0.0013147288823265,0.0127771222206525,0.0043697967726041,2.2756930366098445,0.0055599356542018,2.17503252911438,6
E4182_429,0.0004560269198343,0.0131738477423941,0.1054143901291267,0.0169713662529046,2.0398432229984755,0.0012492867845754,1.3753090340311804,6
E2503_498,0.014944179298587,9.10321394529763e-05,0.0001581894057401,0.0060745153523712,1.7799839131621098,0.0078650036684386,2.3285435433952664,6
E752_396,0.0212493559546559,0.0034130914967116,0.0350934942806221,0.0326675858222279,1.2598107985025704,0.0078094300156661,1.860004820017344,6
E2365_429,0.0924720432898437,0.1035349444958635,0.1948780187105416,0.0624804698999997,1.871128265358349,0.6289771617536999,1.5941531898122925,6
E2621_483,0.0159800693793778,0.0307788991812303,0.0444829275257573,0.0026790927437519,2.340908388389176,0.0759690321199459,1.6644166743934743,6
E1972_406,0.0180461257869273,0.0087455014602502,0.8634580280758013,0.0353793320285632,2.122775615695953,0.0186843603571887,2.3873551192450773,6
E4868_388,0.0414487820845487,0.0046601931761563,0.9035537421740284,0.0276577815971857,1.8021791456020284,0.0025352121997754,1.8123660896671687,6
E4908_446,0.0430050090927754,0.004965120354747,0.0223712029417214,0.0008468215253254,1.942924578268384,0.017259537352763,2.2358435729278034,6
E3993_436,0.0318516196739084,0.0270513421547749,0.4821924161193416,0.0464974598686807,2.2159025491004702,0.0333456586663469,1.6478262572538978,6
E2152_465,0.0310887223983958,0.0098706921005311,0.4221762807274888,0.0238698498650143,1.6390746887267469,0.0142644514273909,2.042225339546833,6
E3906_426,0.0124847133493857,0.0086507848765159,0.005149920046979,0.029077983161093,1.7007522566952833,0.0162760750989648,2.1457146754835685,6
E3733_494,0.0001224400980421,0.0413751109606216,0.0076473466580115,0.0120423876771214,2.759910279268817,0.0292104955952179,1.974249130572284,6
E4108_463,0.0275808626013029,0.0153450701047376,0.0043320550091049,0.0037930692774693,2.2800548930529088,0.0126541504652552,1.9448390205611408,6
E2078_470,0.0352272708734957,0.0175525520077233,0.0426072283819108,0.0350861020740446,1.398570027785975,0.0046270501166122,3.0230774096700244,6
E4704_373,0.022606169493962,0.0057749453359146,0.422458554830416,0.0018573229279358,2.1753268880248133,0.0033348731435484,2.161768256453477,6
E4784_467,0.0437256366720432,0.0065393607136802,0.0499876842989199,0.0017965686183968,1.9851857233233487,0.032198645344194,2.390921925087944,6
E1587_471,0.1142706771374278,0.0092348845928205,0.0631456724442406,0.0174280069810737,1.513369764228334,0.0033350619458413,1.9494149554472613,6
E4202_416,0.0004840640983925,0.0116785253671377,0.5113351524303003,0.0027305219140388,1.876983643142904,0.0116592263497964,2.4596563680658767,6
E2975_413,0.0096808262890414,0.0055415866194492,0.7724692099175254,0.0047394579995934,2.2005556710091594,0.0084475537449461,1.92690261069293,6
E3021_486,0.0733608326519474,0.0065810513003151,0.0114995647157034,0.0236566014862398,1.862037210750446,0.0101531125320774,2.064351535959359,6
E1895_416,0.0448116305364527,0.1028299276189472,0.0056506614058601,0.0109864319901098,1.4685207334268109,0.0689904431942586,1.8156343846968928,6
E3483_465,0.0031132369706411,0.0127531381708165,0.0088363937113367,0.0032331083223778,1.834022279826495,0.0512053267052048,2.3745590918578,6
E1430_360,0.0456020190592403,0.0104244898247631,0.1146043665164697,0.0003354451490544,2.7807689037042103,0.0118546992147785,1.9565142739117145,6
E1775_390,0.043340511529601,8.332246101224903e-05,0.3268645511021833,0.0046271673483322,2.065750042906965,0.0008340481088945,1.5941776300337025,6
E649_306,0.0002601345706802,0.0262661337878977,0.5073044703066963,0.0157990982709003,2.602270497167628,0.000705087321123,2.694331692769857,6
E4627_378,0.0138782489770614,0.0438858013107968,0.0255395054506566,0.0001080157142648,2.4417306763603017,0.0248216850402391,2.3169112176006785,6
E4520_431,0.0904953369966454,0.0550859582725542,0.3048512565833975,0.0631640984848609,2.210579961179997,0.0858036466009622,1.543210476431509,6
E4353_485,0.0109320075579273,0.0059422288132607,0.0027644508278928,0.0594449966640773,1.907662884889944,0.0804623018049789,2.952796597774741,6
E1248_446,0.0669124586017132,0.0013209124820558,0.0051640014375231,0.009652347992719,1.409233246617776,0.0050417074137218,1.8221670339130016,6
E2496_397,0.0257012156896978,0.0007739513756407,0.2425904412425331,0.033095135501344,1.9493813538485445,0.1104936149399394,1.8074112827182087,6
E2441_423,0.0162897016090532,0.0285104627356815,0.1507654747454277,0.038113020038849,1.945856602217832,0.0048890807056349,1.6896890038278336,6
E1002_481,0.1702096599407618,0.0086649765715321,0.0045862994971805,0.0091132570185016,2.151932402791672,0.0869301053562107,2.1920057785308344,6
E4902_411,0.0133175687577016,0.0049538848475925,0.1456858867801812,0.0006742500061212,1.1573511826439644,0.0016689860497351,1.8042405390684948,6
E2563_479,0.0113614773235181,0.0618523440887276,0.0022834099203277,0.0083609554098115,2.078748499733026,0.006803479430315,1.929854311342997,6
E744_482,0.0033395657887886,0.1130343723829606,0.0312507941676996,0.0421263332385906,2.018222087839493,0.001030174265479,1.9715730103927795,6
E3925_425,0.0179622221398281,0.0210304865288987,0.6653668522480444,0.0925595510037622,2.140796177430308,0.0059739147295431,2.5267944959521333,6
E3833_424,0.0073624080832308,0.0755233495673425,0.0133433661379982,0.0042556219395367,2.0862052890419154,0.0047332013547283,2.4432094819308703,6
E561_408,0.0097410488256601,0.013357488148828,0.0225360789789322,0.0453120542351358,1.5637887311692564,0.0178182444369682,1.7663670463312096,6
E4625_452,0.0003164722962386,0.0160429635440391,0.0187867721381484,0.006520528123785,1.5100837257344195,0.002733842305722,1.5279041838182648,6
E675_446,0.0287769733853284,0.003402639928093,0.2098667787020517,0.1262329768822567,1.4822928146774323,0.0395543424595585,1.8040114319602487,6
E3240_414,0.0306625491163641,0.0134715848414606,0.001813815858551,0.0027220654599196,1.5667744296374535,0.0052844588424502,1.817093066842204,6
E1296_479,0.0068117584890542,0.0325960178308719,0.0901885679433927,0.019346243607737,1.5881234027517537,0.0346557835231516,2.0408189043068874,6
E4655_499,0.0174140008588889,0.0055233298346314,0.0020695535323522,0.0685061129115583,2.169281407506394,0.0050299130702839,1.6270626125787735,6
E3773_495,0.0046771053556333,0.0127489280128774,0.0133250673873208,0.0011082981675376,2.368115164310921,0.0270589130267085,2.4556056414885026,6
E2997_497,0.0467106029471455,0.0119420105548774,0.001195405660269,0.0281888415903522,2.0890583741672364,0.0490253520547895,1.6369590840546815,6
E914_472,0.0297386383341813,0.0015407343063681,0.0179045519247289,0.0020380484816227,1.811129045257284,0.065366409685958,1.9170989960234897,6
E2188_421,0.1137834015917742,0.0222113740422664,0.0073675615622034,0.0102121021763807,2.03571876265376,0.0254833928729717,2.0274703703008203,6
E1522_496,0.0011014473536046,0.0098175766411358,0.0265869207892182,0.027141554615959,1.6846877667814204,0.0155519443968042,1.5775943933026977,6
E2722_491,0.0075050105241739,0.0408478172334677,0.0658588001847112,0.0190859975938534,1.8961832777239425,0.0026364149641406,1.9175007138650169,6
E2708_434,0.0036388423230344,0.0669684814045416,0.0749774426383759,0.0013787773742875,1.5191375017550746,0.0004941422784862,1.7234545516534552,6
E519_496,0.0008736051729805,0.0624705886870888,0.0200569293556201,0.0162722140663604,1.71029360688357,0.0183622340585788,1.7629310997034813,6
E2699_497,0.0078005004862624,0.0052964949930178,8.281794461539135e-05,0.001976912729803,1.648354054354547,0.0062335280773647,1.7155801955422163,6
E483_395,0.2062085985171598,0.002331581273952,0.1250763409927469,0.0101683817842885,1.7312803770163268,0.0007469764940233,2.147867633455858,6
E1509_465,0.0021910240992738,0.0001993920453671,0.0007610947978552,0.0024812657170719,1.3566604442839902,0.0173857504582922,2.239997748385393,6
E2327_442,0.0135730594170075,0.0252226870008852,0.0009317995707612,0.000946311703035,1.6934803517117312,0.0400953490258906,2.110290746198669,6
E2742_443,0.0393716706476774,0.007335828906107,0.0264656471703414,0.006859205276537,1.8690730117650536,0.0056772528722797,1.9215164486135217,6
E3480_395,0.0068809211113927,0.04120534981994,0.0034481060203032,0.005778672147926,1.681475456621158,0.0199529116267803,2.342462021248636,6
E2602_491,0.0060959728755679,0.020876824544153,0.0542356296068354,0.0029169004856998,2.09275777908449,0.0240529708183936,1.626326557766897,6
E727_486,0.0863568812617369,0.0024924425232532,0.0606164308569576,0.0413420176412289,1.7546360091181377,0.0190586700898312,1.5405294910123066,6
E2821_481,0.0104010466470917,0.0131389648055467,0.0157568844336986,0.0061276602642145,2.12558667410691,0.0416695058160073,2.093182441822917,6
E98_478,0.0043427716591132,0.0010994862686409,0.0702940242723078,0.001814914485774,2.2257612718384827,0.0054614330758165,1.8403931213537352,6
E4705_423,0.0334101020866521,0.0164264086552108,0.0983238637603283,0.0015124545036808,1.9946574440129548,0.0796276438851312,2.014407970258288,6
E1520_478,0.0850977762077306,0.0024526485965826,0.4962622629884073,0.0313864766404156,1.6466821210329117,0.0271979912538143,2.1297574055356323,6
E4929_497,0.0294460536606702,0.0056417823285521,0.0004822724206574,0.0821159266513236,2.3369710829732924,0.0050330388597048,2.3690969954794654,6
E4949_466,0.0975626176507491,0.0210647526406128,0.0200654934463571,0.0007371452592923,2.1946895120363727,0.0213542972481804,1.9133553474546905,6
E4180_400,0.0131417459072021,0.0326375561771805,0.581552764272683,0.1292339290362956,2.2241909884583744,0.3016471993172582,2.023941684873566,6
E498_455,0.0051309880354581,0.0003233037937678,0.0302110431817406,0.0388258016705323,2.195090750824924,0.0557417753491649,2.7521216248118847,6
E2305_427,0.028576960941498,0.0185938298411877,0.0017399096270159,0.013610334073025,2.2314424199263216,0.0406127934335544,1.4536451152928374,6
E4884_453,0.1169768796157487,0.0056714338045646,0.0069388926126661,0.0003616212999833,1.7735609144205096,0.0114141800103106,1.899049173625745,6
E3852_417,0.0698915809162604,0.0200310323742004,0.2005115658520786,0.027711823340467,1.8795696549780008,0.0046317113818119,2.637644597190161,6
E340_386,0.0501317811733479,0.0311803934564452,0.7807477084447136,0.0083592475853645,1.8204730297280165,0.0459926847745241,2.1860523569263006,6
E1735_431,0.0025963871417568,0.0629640089611086,0.1600850760247601,0.0196153953208634,2.45494528056787,0.0252872472043516,1.854574688803432,6
E1668_448,0.015568249103616,0.0194962018034193,0.0793009205702166,0.0019815106289473,1.5358923876689143,0.0006401439683974,2.053480268944667,6
E1787_449,0.0360113443303018,0.0063834064392409,0.002140133900043,0.007068133101048,1.91219208883146,0.0172415599543161,2.101652256734848,6
E2632_442,0.0130122009411351,0.0470473903774409,0.3191097209166373,0.0256349452614175,1.789119836262938,0.0004631368825489,1.7086679380652496,6
E972_468,0.0281404375241137,0.0110845479300055,0.0329498807969177,0.0074213900295091,2.3111824061084847,0.0335452637171389,1.7845790071212069,6
E3769_441,0.0246015321367535,0.0226452441162272,0.0171625004144592,0.0047760709449816,2.1169197633306203,0.0409693643937023,1.909101093214964,6
E2926_423,0.0172572381150773,0.0024209501769953,0.8822133416502104,0.0060423212496407,2.0193270411170787,0.0358181793537337,1.8655688666447727,6
E2095_442,0.0252879511198682,0.0011016737817537,0.026776613587987,0.0077988650636202,1.3304218659026057,0.0102557911574242,2.540047896602358,6
E836_462,0.0143054723490591,0.0152419673510926,0.2406021713820395,0.0034170184207709,2.200903199286981,0.0473877524492,1.937068250353035,6
E3022_402,0.0067467454784113,0.0015398118431994,0.224764337664953,0.0228004405540065,2.058636794621025,8.801192309375491e-05,2.174301316236156,6
E4415_488,0.0232178507178833,0.01214200385656,0.0170230395986457,0.0068962308033535,2.0307015995810382,0.0014366138654147,2.163877114501416,6
E4399_421,0.0016429948598762,0.0113463400370191,0.0185521036729954,0.1505257653193969,2.3901172054309066,0.0188227535071017,1.8395729114182329,6
E4532_486,0.0604031105509211,0.003233258601366,0.026156340004508,0.0262523447212995,1.94105232400546,0.0693628054558105,1.4580655949779442,6
E2131_467,0.0658835116731548,0.0001360664840925,0.0220874187238238,0.0844411234492479,1.5261001562539886,0.0263509785222267,2.3686422230718995,6
E3632_438,0.00933737039637,0.0089078175627546,0.0231730243159104,0.0117251772528764,2.200147182421342,0.0221691699146125,1.863979131986328,6
E3424_406,0.017356495003146,0.3814287479241755,0.0311807342746014,0.1345812800286145,1.8230883483501208,0.4172259259289955,1.8553601404444249,6
E2686_486,0.0189747478064164,0.0200571376490616,0.0086633374861636,0.0029592319381356,1.7125675165971352,0.0241880499223762,1.9592851843430168,6
E2342_461,0.0218462830999214,0.0049093025849704,0.0160529017189186,0.0165927834005372,1.3685008159951026,0.0477561194196929,1.720953070181186,6
E4927_466,0.0016777936383955,0.0007286384178038,0.2247054624480552,0.0853185525880831,2.035312256002216,0.0284387780632119,2.2537814427730023,6
E3545_486,0.0027323889625017,0.0026331548514009,0.0330093795021264,0.0089727252849227,2.0360283824998064,0.0016045374019931,1.566158895500015,6
E99_497,0.0325579964109563,0.0019460478441902,0.0168914763982361,0.1032519450696801,2.648447249310747,0.0765980757980752,2.015782660929752,6
E597_431,0.0313047192664451,0.0114756704308724,0.5765438373371512,0.001441051428443,1.4723437211400732,0.0250165353146344,2.3181076093119657,6
E4145_482,0.0091161239080981,0.0035619441992814,0.0017697650530701,0.0233306243950304,1.887700212187179,0.0264137591206478,2.1132818647341685,6
E3784_424,0.0864577301168064,0.0032172973246567,0.0165706761868111,0.0318813555855441,1.4449808074883603,0.0023336875981659,2.127730618102992,6
E705_469,0.0008990152881054,0.0020256277289409,0.0089674612150874,0.0059569602829547,2.208782616571845,0.001624172657727,2.158473607806945,6
E1986_383,0.0023135551087497,0.0163272431358976,0.0618090690665399,0.0203378240329358,2.1216116791039576,0.0175320499266871,1.8648025816152445,6
E4950_470,0.0629919931195155,0.0100302519204912,0.0071788656487369,0.011250668016095,1.694182071917424,0.025321626540615,1.848161665451889,6
E3365_372,0.1709183432916008,0.0954015883599121,0.5914139785163661,0.2098125684252987,1.543663263590594,0.3140543485652691,1.828425249118593,6
E4922_470,0.014167179534958,0.0467196486400595,0.0317770353092268,0.0022525285335799,2.077329569628404,0.0046494452713154,2.7036901138304748,6
E3264_349,0.0028351168817452,0.0406542875210001,0.5806493593153662,0.0114508692916606,2.497837890175907,0.0031398203864228,2.209574578302069,6
E4689_395,0.0074373591484226,0.0019490830183535,0.0039688130620612,0.0091829307258268,2.088525860463572,0.0146783555372746,2.157963114964012,6
E2404_470,0.0090920809061856,0.0719661098939237,0.0230908514744415,0.003587652454365,2.19627230031322,0.0051906918496723,1.665676374801666,6
E2359_464,0.0020221293463091,0.0016801107713244,0.0325740965294849,0.0040976191349551,2.346596230575172,0.0017728642623782,2.0393398028377288,6
E2773_485,0.0019385864563518,0.0122637377236525,0.0047472041152261,0.0444256034604982,1.7231305397244918,0.013573724253882,1.5519882918225256,6
E4653_458,0.0954489646511514,0.0014008949880771,0.0041701200845885,0.0586701339306439,1.894692335074308,0.0159025805525296,1.765952177732416,6
E3218_457,0.0013264468250803,0.0382564598320715,0.0380588963101778,0.0181186450354773,1.7724459403954276,0.0590310323421578,2.0049730855614767,6
E3158_499,0.0409802601122238,0.0325001043638822,0.0214246434747193,0.0147240973596472,2.1294376109940525,0.0085617254123065,1.770662515836251,6
E3048_427,0.0115156127346785,0.0183227455900272,0.1179441295100653,0.0124580059876008,2.191627168203836,0.0118154957881699,2.0503123890119808,6
E440_405,0.0091519536149782,0.0156254912546029,0.0487827776829938,0.0266827222528999,1.9439841222155103,0.0891323363991357,2.0962189059042,6
E1703_453,0.0214026695072329,0.0228463258753667,0.2000696647803578,0.0022956404248537,2.026855521777079,0.042573822006636,1.83128744612166,6
E2830_472,0.0435361071892398,0.0056496489143539,0.031669931498238,0.0839888104463899,2.0152131821547603,0.0189130816089566,2.075714691959166,6
E4081_456,0.0264475958376676,0.0235638058332536,0.0039473540945399,0.0418484937099429,1.8579373186491268,0.006298613104319,1.8493725595312973,6
E1411_432,0.0028556665424612,0.0502802561210669,0.0007829001392947,0.0125635324008875,1.8788637869926383,0.0122770554291923,1.6573238585901378,6
E4574_403,0.0454258650060084,0.0974134057459784,0.0658043295866835,0.0058182375762178,1.4603080424307855,0.0299101363310846,2.0036885585927107,6
E2845_416,0.0178301721474174,0.1527941831549524,0.0368415031887704,1.8878599038201729,0.0879392896711535,1.8840876225767864,0.0116352659307074,6
E3649_468,0.021118435982089,0.0085618423467165,0.0039855794645104,1.891554277261421,0.000280418278089,2.07933399589046,0.0219665831810764,6
E50_482,0.0508019057710946,0.0006043704333272,0.0001714247813983,2.826331797420864,0.020867696513646,1.4687644967599385,0.0038972479419861,6
E710_380,0.0098758468901001,0.3523738188854872,0.4455161641943486,2.7082977438287594,0.0189543845423183,1.7415340903534315,0.0153989556744803,6
E2750_490,0.0824024980942823,0.0022806916920866,0.0035894182887039,1.8506937406254929,0.0042506663314459,1.7061558277750857,0.0198649393240751,6
E4803_460,0.0057366781754937,0.0017733198733666,0.0147449044517903,2.348837923370183,0.0539540816606668,1.5700745689192412,0.0428557921816925,6
E2239_400,0.0609664364276847,0.0350063533206105,0.0071236764532149,2.301947800413376,0.0524859416235436,1.7798821852281694,0.0232862710288588,6
E1910_487,0.006567059873478,0.0027214119677933,0.0022804583953143,2.4788412414609224,0.0092329255243274,2.13372276019216,0.1253529730341809,6
E1319_448,0.0061688483917863,0.006491482804034,0.0530016392658955,2.2704098467554465,0.0053826876574811,1.6535280933708338,0.0353254498491469,6
E2715_412,0.0086106783556502,0.0274135058485266,0.0215946568162141,1.7827486657059437,0.0101198622350566,1.7512060439211563,0.0078091327452605,6
E2045_412,0.0139641521762803,0.0067279876916283,0.3383002474238244,1.8649701570171136,0.0058135715843883,2.1870717156603097,0.0006167599157844,6
E4269_434,0.065689416008148,0.0033620145745813,0.0222569864158785,1.5476410762766433,0.024111010125933,2.1816060765687744,0.0234496502616097,6
E4027_434,0.0008573652597112,0.0005939346058365,0.0052024619120546,1.7691171918661892,0.0104868046347144,2.4377886411070406,0.0286270739423678,6
E2492_435,0.0473289640587047,0.0093481713574451,0.0183456946166738,2.132381991226972,0.0064885058230247,1.546039550475245,0.0724883863735237,6
E3284_497,0.1296109594476217,0.028798452743252,0.0524083289514445,1.4373328625292678,0.0152315068338345,2.043859728868731,0.022463530247346,6
E2792_438,0.0048057107706091,0.0448050455721,0.0641687812273199,1.6521663920955765,0.0293460881172509,1.810815810603464,0.0140032719648799,6
E341_419,0.0019410579626729,0.0065296900621053,0.0943164047910831,2.2907123020009346,0.0089943484267477,2.154408414367596,0.0367720232820295,6
E4212_397,0.0082244726362244,0.0250422296971525,0.0405724276967696,1.8412367946718389,0.0359366998037403,2.02871856608819,0.0559213535639141,6
E737_431,0.0040672603585186,0.0113916962005113,0.0272373644335396,1.920203293760408,0.012098309547509,2.4250168068849107,0.0010330565905217,6
E378_466,0.0141702218031078,0.0440900769398339,0.0033196312537265,2.27301947753795,0.1010755471726088,1.6826035372114432,0.0208711962611908,6
E1674_445,0.0209013933378152,0.021166491301211,0.6068241272079754,2.0004206499496107,0.0039209761385546,1.6231914082964598,0.0011963388531944,6
E4092_455,0.0084424682281838,0.0062239720209279,0.5651833106623254,2.4348725091799563,0.016068691408065,2.1191842115165738,0.0095280376385039,6
E2510_465,0.0007831336082655,0.0299491249926007,0.0014737335359997,2.693280671533174,0.0236363693685576,2.0901376534875475,0.0015236272409626,6
E1497_434,0.0230392242911908,0.0334193605682758,0.0036810186134518,1.9173545105792364,0.0033560007151553,2.1562233099507626,0.0425114089145977,6
E632_439,0.0243398748542698,0.0026448248367165,0.0180428082979582,2.216532333843232,0.0055539283169835,2.4143900626361106,0.0378445817528919,6
E1475_449,0.1807164056684101,0.0097536922838027,0.0010588881254112,2.2061390704649777,0.018967437959345,1.7821189175822494,0.0813153041668589,6
E3096_448,0.0075657271821987,0.0470362388999829,0.0315691406187553,2.158796272408571,0.0455669771772264,1.5458346340852918,0.0068188693911927,6
E1794_446,0.0294767667824063,0.0028530830185425,0.012684955720298,1.5424776088948158,0.0455585227406894,1.7791061819910652,0.0193424805910451,6
E1553_423,0.1151402701288756,0.0003878535705299,0.0201421701326249,2.387376324808619,0.1267065635313159,2.0614892267742966,0.0042123888971996,6
E2142_497,0.0058893926868933,0.0090070928934071,0.0132839078240389,1.913564445453135,0.0605327005470413,1.848390738344633,0.0014484567839641,6
E1330_475,0.0217250265533138,0.0114804381506208,0.0142188739300725,1.697899465442604,0.0075278309009389,2.2193403674986305,0.0003600691874284,6
E1809_377,0.0479008447604347,0.0133952445528348,0.0438078380935878,1.737480419550078,0.0337169909966269,1.9854446973095063,0.1279039104782939,6
E3301_468,0.0057177560397679,0.0024132444943455,0.027403054003726,2.2521501202377427,0.0232035933156287,1.8892249900151008,0.0029239379546334,6
E2031_468,0.0101040340105499,0.0007556260564684,0.0015923572167825,1.9868356882053428,0.0131415431458323,1.9935143903296453,0.0040282108678594,6
E4221_462,0.0049066816646211,0.0006632570146799,0.0134624027829061,2.2891811626403817,0.0149199497220916,1.6562667978511434,0.0306778075496304,6
E688_436,0.0017708281740571,0.029655234025177,0.0042367643578354,1.9966660186442409,0.0091565417743598,1.713717985930053,0.0294852391085008,6
E1569_463,0.0116021193784198,0.0013198292061746,0.0187115481893522,1.9231177431235664,0.0255904999897478,2.8879650893763054,0.0138080842473267,6
E791_379,0.081211859116944,0.0008441898531348,0.0061529889567625,2.209747118194433,0.2245406729164241,2.174550653529249,0.081429026435541,6
E1476_373,0.0367647123076251,0.1238476374711428,0.2222552183873264,1.9890186320723,0.0388439842697415,1.9674118971024075,0.0157520494688904,6
E3949_407,0.0223624913672969,0.0029247256940997,0.085264108234914,1.8578211769785435,0.0158842102561969,1.917518871097971,0.0241398600190533,6
E2144_494,0.0233846364800023,0.0009134259789079,0.0011351303876472,2.059154822156928,0.0141833814788051,1.639196704680835,0.0249952434697476,6
E3486_496,0.0301885289743532,0.008121117467604,0.0387399709720688,1.831887485693088,0.0296679845773551,2.2710350401701684,0.0105692583427898,6
E2194_424,0.0540834416353521,0.0253078466445811,0.1951742768800117,1.600028868133076,0.0130915828652475,2.174262872906469,0.0375624816497428,6
E195_437,0.012879039267932,0.0091718422649088,0.938028370749012,1.9976370135442911,0.0375925261402412,1.7130358415971356,0.004817974909314,6
E4889_417,0.0166655615983682,0.0026484323211359,0.7701764313939788,2.4293059950595777,0.0182439815870856,2.157550520148084,0.0609815263008253,6
E2843_346,0.0286107982010221,0.0285154714501493,0.3550157916389847,2.0338498303205976,0.014953437974668,2.009780781117528,0.0247933571915779,6
E2842_466,0.0675794914770343,0.0586932320291159,0.1231258243683451,1.9774660227751848,0.0314846127045118,1.9401341187080527,0.0023640497642831,6
E3587_487,0.007610909189463,0.0911921806196029,0.0242079207105444,1.9236627971251723,0.0089092715717388,2.1883731253511898,0.0238488179323344,6
E3748_445,0.0028012108253801,0.0111393243147613,0.0461542154038394,2.0120361184080857,0.0298121697005491,1.8306777244224848,0.0057918719605339,6
E3849_483,0.1467179596657797,0.0054083289918779,0.0107814163541069,1.7016196533149683,0.0543616816783187,1.923559409076041,0.0525096628208264,6
E2189_496,0.0071266582248703,0.058351144119953,0.0347765738030053,2.2260407425034057,0.0035478504439842,1.7509325391957835,0.0236394270040818,6
E2219_425,0.1129600872185242,0.0160015300399446,0.0403963929484457,1.329926952920494,0.3596258348562818,1.7360222513782515,0.2133388748853505,6
E4311_471,0.0001455784691031,0.0113752211050918,0.0313043332172281,1.8893244336475008,0.0020866857386158,2.653889578753776,0.0104444500347632,6
E1434_498,0.0157703579141826,0.0138616126383933,0.0189451436235389,2.2820696272232324,0.0130176179384519,2.852927340535589,0.0202166995655043,6
E4227_395,0.0015363533101679,0.0568722142014154,0.3190693944482881,1.6027017847617229,0.0064157034621182,2.005317256721032,0.040552503476682,6
E2012_465,0.0277493841235389,0.00241311975562,0.0069119529647726,2.573850700318232,0.0006126591446283,2.232758345157372,0.0165893782359418,6
E71_401,0.0619951343301269,0.1150565577393427,0.6478904156373158,2.577407095385776,0.0321554121457932,2.0586506601653323,0.044776074393178,6
E2094_429,0.0269013103824564,0.0224682099283988,0.0002601374783368,2.0105351810396086,0.0071964846661292,1.5613431830172388,0.0157054126807036,6
E2063_407,0.0494453267466695,0.0137527871557614,0.1270036735049588,2.291213746445643,0.0113565993822258,1.900299367718585,0.0274021224827595,6
E2633_448,0.0415631519789015,0.0131555735860346,0.0159763398551773,2.072014144052687,0.0650839721732521,1.892172313597056,0.0158434123605366,6
E181_465,0.0046073958181307,0.02979503430744,0.0005629298717854,1.807992000502692,0.0005847380649503,2.2779401329839484,0.0013866898010254,6
E4302_443,0.0468428385389294,0.0274756571235838,0.0558022106240091,1.91651804445206,0.0038092175890087,1.8679124616472709,0.0047775478075114,6
E2652_434,0.0361860059017613,0.0073434297900487,0.0203786885788701,2.609868988290796,0.0064255064191126,2.408504757220961,0.0177880278230575,6
E4165_412,0.100423533417896,0.2656465451300883,0.191277852327286,1.87759297430977,0.002903327979355,1.9356181618068844,0.1281628410893739,6
E2304_473,0.0026343409304137,0.0002723852093539,0.059308639731386,2.4328218497211656,0.0423991761949881,2.1051697400275446,0.0185108107001816,6
E3095_416,0.0405649286241121,0.0005823356912336,0.00107201483886,1.9876828322540687,0.0092143326302626,2.343230989760346,0.0686021560574582,6
E3910_489,0.0171697033609409,0.0167171677484798,0.7985433260069397,2.4692570648935463,0.0111764317320348,1.748862968179696,0.0063117813625002,6
E4273_450,0.0392815004863802,0.024413049731505,0.0235121840676225,1.7652092932954626,0.0279936420149104,2.040302043935864,0.0012992498936936,6
E1583_400,0.01491827626049,0.0220681783666278,0.2887699615484884,1.7702280775477428,0.0355590702599334,2.03786347625,0.0788185135358089,6
E2872_495,0.0083855077018506,0.0591485379362347,0.0320344068731281,2.6013988994879687,0.006225133607187,2.1248048677195537,0.0418060619961731,6
E3496_440,0.0083065636726375,0.0008551342789482,0.0037124539216713,2.231597511774522,0.0635024542869288,1.8068706858423595,0.0215548725186096,6
E2514_455,0.0024495119810767,0.0016680594305439,0.0142387919039727,1.7671727969580049,0.0265880180379758,1.811227500006536,0.02399876448111,6
E2753_498,0.0040868210186267,0.013363866616989,0.0213555708490406,1.6792988596408611,0.0121993225927249,1.785866511239513,0.003912606041727,6
E3890_438,0.0451220823399975,0.0033783678141457,0.049837248467211,2.259293624655326,0.0039878676410844,1.8244899391451936,0.0015081783903377,6
E4582_441,0.2931884483832696,0.001477416490191,0.0278932292456509,2.2676938884389712,0.3213715914942565,1.731064086897329,0.0753469531298533,6
E2983_479,0.0690170298250445,0.0658369988965507,0.0649455108588398,2.0956811983387635,0.0307486870239868,1.8995931030496929,0.1118691821421731,6
E2591_391,0.0065692987966967,0.0297449500177337,0.3389694193063492,2.453269181153322,0.007991040852446,1.4649157040434937,0.0456075791379792,6
E613_474,0.0022487057570587,0.0006541333802108,0.9928387400254696,1.7305927375029675,0.0409823053621675,2.8207349978070617,0.0059490755573499,6
E1584_451,0.0171649102900086,0.0171609503586459,0.041410514764546,1.7624385066414026,0.0292834439850275,2.40663384156707,0.0011223020991291,6
E3679_494,0.0023233641367942,0.2132252194614244,0.4774273981863643,2.2950159094243894,0.0206539015841818,1.870739777051116,0.0987592956632537,6
E41_444,0.0460540328945755,0.0202152890235041,0.0071919985318,1.6370606006169317,0.0715108396162474,1.9038997451878903,0.0012292650731146,6
E4430_419,0.0179277560942919,0.192238589715468,0.8615553654003754,1.2236326083911784,0.0066101226390448,2.595229895666249,0.0117607286549593,6
E1181_408,0.0034736402616535,0.0223614530977165,0.3349667051582308,2.386627278509335,0.2441996027067667,2.2651734821437186,0.0396508777308894,6
E1466_493,0.0017706360808698,0.0140957447946244,0.9344135524044032,1.9890418157265084,0.0093369117494883,1.5421508362030512,0.0020817278575855,6
E3134_479,0.0012459845830654,0.0196652057701117,0.0032562722505387,2.5052969657651496,0.0048821287746975,2.4482195207622737,0.0074907775800631,6
E2474_415,0.0147501729372665,0.0209887011250561,0.0303612268150559,1.2633328785805658,0.0164469408812172,2.1498969525642915,0.0091632051687823,6
E4787_390,0.0374107067468905,0.1212466120518251,0.3105407105994944,2.0764679482407606,0.0185149195646746,2.252430639639796,0.0427705261718763,6
E2155_476,0.0420868187719346,0.0393755327432822,0.0032658992290686,2.345043938812567,0.0157208960795227,1.7866275955584934,0.002452849997524,6
E3462_473,0.0086170343813551,0.0029015602050621,0.037742566489244,2.689707529778816,0.0124043144316285,2.0842797155859825,0.0099383037270606,6
E952_496,0.0984335728937822,0.0047467627261146,0.0114070159693352,1.91108831810652,0.0104248002461506,1.4905878316710657,0.0841833634870271,6
E4230_451,0.0122512634376471,0.0132167360454216,0.918131302577428,1.6287969035791023,0.0118622964907475,1.6883990721316315,0.0017280970777404,6
E4_419,0.0307477412159013,0.0061661649363725,0.1416046880700808,2.494046439024636,0.0231924011982702,2.332082934598741,0.069811204898047,6
E3653_413,0.0114213153583377,0.0107585555288484,0.0073634192392945,1.4833250749854914,0.0244266227696952,1.9614654500755355,0.0162987777115059,6
E4907_407,0.0561719366233224,0.0103583903270363,0.0942631117996314,1.9332364059436464,0.002716735089046,2.1076073275776226,0.0014138999875316,6
E3128_443,0.0135121676254695,0.0040427408404286,0.0508475934589605,1.6903356595968906,0.0795390449169112,1.481687647473833,0.0102841252677017,6
E3928_410,0.0015360107758541,0.0067386169015117,0.0489456128012794,1.576551103263898,0.0324447619389479,1.7582624408399972,0.0233660990040829,6
E1175_380,0.0270217555464942,0.0008481928788651,0.1342418277269167,1.665449268738462,0.0360549921570686,1.621448381423236,0.0139859585341398,6
E1994_461,0.0014559935277706,0.0092075042041799,0.0053954843696037,1.7123516277988218,0.0010392587147131,1.7149137027283945,0.0256556633094937,6
E2857_426,0.0102110096454615,0.001983858674211,0.071050770358348,2.3869038021311897,0.0117271671954191,1.7196401818724938,0.0324000869039394,6
E2892_421,0.0476157595733485,0.0145625208274594,0.0137849556345748,1.8889086119596523,0.0221934725313844,1.6340716571276148,0.0083019826047743,6
E3503_475,0.0008756808127159,0.0243178695152782,0.0331695387653532,2.276963577272771,0.0255949855805479,1.947609613394568,0.0197326412857945,6
E4554_464,0.0574629380535856,0.0081212615621671,0.0258986384395117,1.7155656262525527,0.0069072408397097,2.3520479330903346,0.0072833974455399,6
E2711_465,0.0145779808821531,0.021027546439245,0.4541069284232532,2.4066407029828936,0.0153147238028283,1.62561241810211,0.005295557259417,6
E2090_405,0.0829552727601866,0.6150678956266691,0.8681733571384028,1.982656504004539,0.013852357149723,1.9969250490332788,0.0574756248444708,6
E4683_412,0.0170997324726789,0.0018694784334892,0.01170293029426,1.98356087988278,0.0029510462554653,1.6282282653333806,0.0839824952360296,6
E1422_387,0.0576687745413318,0.025914228979111,0.4673614313140372,2.4535797641270696,0.0001537270542976,2.6465391656546062,0.0096431429086307,6
E770_415,0.0063860272911357,0.0001470986171129,0.3977648990207061,2.076458372838858,0.0075725625780898,1.6663266672560633,0.1113722139855489,6
E2164_422,0.0351193976657413,0.0552472316301051,0.0691995520790521,1.2521597589711502,0.0048430452434787,2.052818810511229,0.222049969822801,6
E3174_468,0.0143953451075286,0.004702698069003,0.0159464698705429,2.1239247414777283,0.022805429126426,1.7173883250166126,0.0022016260381952,6
E2316_498,0.0024804003976192,0.0007084785195824,0.0477350905592946,1.5788627760247569,0.0009367833061117,1.5802763819340917,0.0071369867993153,6
E4326_453,0.0059788531300095,0.0017718713906147,0.3699526864058072,2.4622239803712613,0.0695767162220145,1.883193424184205,0.0276935738732743,6
E621_403,0.0045946412202409,0.0753023331658915,0.111329244329705,1.2979287940976716,0.0077636868499076,2.7687804007848134,0.0002704186678369,6
E3946_461,0.0019446531917139,0.0649947652118588,0.0576560249854958,2.3469779295850968,0.0233935870628947,2.6092847804266017,0.0068712885426772,6
E1902_431,0.0021758697732819,0.0458302497834094,7.609476794272553e-05,1.553791905653925,0.0408008606333153,2.2883294892384187,0.0751123047047072,6
E3672_458,0.0026608515646784,0.0828415408397781,0.0173333190827944,1.5753100435699592,0.0704439924795986,1.9140306726843967,0.0176984483574533,6
E4530_497,0.0392493905823259,0.00257146790577,0.0931039558967179,1.6519700413463752,0.0028955198420812,1.5842363641399055,0.012096516588698,6
E3073_375,0.0043154799981831,0.0016043268993735,0.1039424839687494,1.7047088998712152,0.0253209441944911,1.832833744769685,0.0624750482870267,6
E2829_499,0.019951378368395,0.051543310913988,0.0089641133106507,2.4468541167671702,0.0722814484614832,1.7376063822978198,0.015641383527465,6
E4491_482,0.0087821271502756,0.1279999226769145,0.7414627974974634,1.4188159758872625,0.0099005440955976,1.7117392050804143,0.0060768558223332,6
E3941_403,0.0243899140109925,0.5833231610877629,0.0353129865775744,1.6959637348962278,0.0247300744995211,1.489756087079389,0.0358446118076077,6
E465_314,0.0659500081584211,0.0002444507650884,0.503169069303872,2.110364978056729,0.0044474450565154,1.9555916892470744,0.0011920442647138,6
E1768_497,0.0058514986065496,0.0061821584720398,0.0924297667443576,2.25866254342592,0.0090689014556322,1.4334032995014532,0.0094485946938996,6
E524_466,0.0151336433269839,0.0098063337259479,0.0058793940264699,1.9141075950437816,0.0171498304897512,2.2040986267432023,0.0367255787854369,6
E596_354,0.0088965052176109,0.0027545190020632,0.1961087130465908,2.0412994727046527,0.0214938103507919,1.3888070316727934,0.0642343309993702,6
E3423_488,0.0011668344141085,0.0519297933340148,0.005920031428685,1.9791290303563136,0.0156259267236515,1.5381929300258397,0.0198892685271713,6
E4043_460,0.0701442720817885,0.0059726629197391,0.193944944733496,1.8927027158141567,0.0502709092652949,1.7524409045620786,0.095716583686493,6
E4834_402,0.0126453274591543,0.0208236227208876,0.0250052692871785,2.192264517957744,0.067111443216529,2.143226486039059,0.0307374236686721,6
E4005_406,0.0271581532433023,0.0187000569439641,0.0091484856164205,1.5091489046228423,0.0072055226154617,2.3885338000160354,0.0524767056870555,6
E3321_448,0.0299081707631302,0.0041028577943488,0.7799354300409038,1.6960492969134102,0.0156004968455571,1.722044592921952,0.0447568236280043,6
E4731_421,0.0759951463089829,0.0098424899940435,0.0055848029088889,2.5997102325229053,0.0306328495831538,2.4248441304427097,0.0007998824685796,6
E600_496,0.0142279105556427,0.0132976797484087,0.0515731845665774,1.7733251278572584,0.0424187968737852,2.3728852152495947,0.0207125297244536,6
E1594_431,0.280844182144883,0.0009884922744876,0.0067826582031002,2.6165030039732664,0.1422838402674084,1.7898662879417548,0.0185292917261696,6
E206_470,0.0227517170782361,0.0018829361557944,0.5461856215594806,1.5721829978072095,0.126110146908545,2.124755979397316,0.0743642721053547,6
E2648_377,0.0022961640020475,0.0235696037613716,0.1307708046373978,2.0139237164845847,0.0775835708756037,1.7302808601748958,0.0221004771353581,6
E52_397,0.3450152809777452,0.0276592565218631,0.6062124969851748,1.164469727110889,0.5451075371679595,1.8249434235296271,0.52587887942072,6
E2046_369,0.0054789456069183,0.0005900348449969,0.6434132367208655,1.7138817801268276,0.0303161299055251,2.0708279557273643,0.0035578569023874,6
E558_485,0.0018944623224903,0.0068305180696884,0.0401752461778379,2.007573800016724,0.0048836569148034,2.0725366703655324,0.0016402959778624,6
E994_495,0.0081861404508536,0.0090226023061219,0.0129668759497995,1.429354314027364,0.014710312465396,1.7912039885121012,0.019172797654603,6
E3085_316,0.2329380934731704,0.0169065972889817,0.7593531758764968,2.018543774206288,0.0082229659799042,1.8526927223483824,0.0067193497003644,6
E3874_404,0.005918879783064,0.0072468048102888,0.3986363582755601,2.244992135262958,0.0574239574717104,1.7946215549533144,0.1537576198861582,6
E1224_466,0.0110395482095198,0.0160014517960484,0.0199306562081979,1.9567999402700431,0.0365332157842858,1.7627308431714246,0.0076572629114693,6
E3535_491,0.0087535616949353,0.0483227487126589,0.0028567222531204,1.6770493580874295,0.0118808356675906,1.4694118980962927,0.0266472760050679,6
E790_488,0.0106586287981913,0.007440045511167,0.0018807556675843,2.2700757060900068,0.0075699731908527,2.1392629484891708,0.002315231350913,6
E436_391,0.0261823642127835,0.0363883051800765,0.6037562653257917,2.0219519417501632,0.0772445043688936,2.205760305969954,0.0549640619822407,6
E4951_340,0.0631660485706626,0.1025786824475372,0.9496986119187508,2.1537027643564173,0.0352343043561095,1.6590498912559952,0.0150322830546758,6
E885_484,0.0107109237178273,0.0115106889220443,0.0774904335484838,2.4302475503987764,0.0216687376102838,2.1261776008152404,0.0123943263102313,6
E4452_447,0.0074905407841187,0.0096115940307808,0.9838933119672864,1.6975888271298911,0.0093194787501268,2.3523154009409417,0.0029380453408674,6
E2445_440,0.0225496618795236,0.0020633189808991,0.0130372181489607,1.6925871639914398,0.0001877985467926,2.4603178274378075,0.0352237407032962,6
E1047_428,0.0227263641912083,0.0171895565802989,0.0998791042343872,1.83036735975596,0.0031073197304551,2.2265321883663285,0.0085677099625863,6
E695_438,0.0265047075573924,0.024641662333147,0.1526383722863132,2.3179128540862903,0.0076196731672169,2.179775272911212,0.0261159506563529,6
E2101_423,0.0100009039528991,0.0022627721755776,0.0026115216253964,2.1141839982709234,0.0020678811166288,2.2897561367053503,0.0014424648418079,6
E4676_387,0.0489748609403778,0.0712699465793855,0.0885158801810954,2.1124931250227283,0.0015823433583895,2.2587686879781272,0.0126798826298878,6
E2270_463,0.3642201003086667,0.0012810944471112,0.0033008628071264,1.9448711556925071,0.0152234703562898,1.5911276508738113,0.4375385489335914,6
E1216_405,0.1936734204145209,0.0052140757766769,0.0250088566667247,2.429404900437477,0.0881576170108822,1.4333016405557657,0.1517823852546569,6
E2201_455,0.0750021106344409,0.0034005017886931,0.0119104110112011,2.5497938674798832,0.0027829537169253,2.4934214199013573,0.0053077333871235,6
E4261_445,0.0877430661511929,0.0079216105401868,0.0009630041671529,1.9800120915606667,5.17970954288312e-06,2.031696541447655,0.0015598349150817,6
E719_422,0.0069974448925555,0.0060679841344874,0.3400391438551833,1.8257614152208208,0.0063343932419885,1.9702621429726488,0.0241211559293447,6
E3397_401,0.0247108975409079,0.0131564869471097,0.4802636311774897,2.004232191992145,0.0469870500987484,1.7416097951281286,0.0829359633677207,6
E2089_463,0.0745859442302128,0.0339010613767676,0.0093118833455264,1.912722508995767,0.001602500688637,1.9943658482168816,0.0252696076936083,6
E3281_391,0.0029061007550803,0.0426765748290891,0.0059504126888727,1.896955623346137,0.0009958078632384,1.6669352445678285,0.021907658414847,6
E3625_472,0.0115009734446275,0.0001912652179961,0.007621045185836,1.9322540496100584,0.008533857763142,2.1349838136517096,0.0563939298102557,6
E1766_455,0.0122445278337921,0.0023677635931006,0.0346861509081359,2.3062943032244045,0.0532708458531761,2.1561411042809167,0.0486341025519087,6
E4390_460,0.0199532619578252,0.0039244217141469,0.0018230224597108,1.5189527913967342,0.0291909488528432,2.0903243984364908,0.0322581825170687,6
E207_442,0.0478990524355094,0.0016783402765951,0.0049254195379647,1.9524037689572176,0.0231562114515477,1.703587656838104,0.0290591798652092,6
E3160_425,0.001430889366511,0.0364725083968575,0.1397700812555832,2.002970412484002,0.0115569791573632,1.8963678199177527,0.006146307613781,6
E3618_371,0.0025418765452205,0.0102456849119628,0.1424067981343697,2.365843235526353,0.0192533287769276,1.6036645923815418,0.0004765517635207,6
E4289_355,0.5263162785362592,0.1980233792981945,0.4930126536038568,1.666306178586849,0.3742669827753078,1.5515326963462166,0.1939781049197857,6
E1752_477,0.0084139505436281,0.0545794374827473,0.0022259213557235,1.4409927913271,0.0004756393309272,2.2068672599780403,0.0171290299691723,6
E4444_490,0.0328326826163642,0.0110809422059641,0.001295035264097,1.9498484330588344,0.0022341979153688,1.9236405820396685,0.0221758684416663,6
E1555_488,0.0227245488559963,0.0197390352964878,0.1091638702763428,2.0977328352585265,0.0679746931655312,1.828328327012572,0.0018781627886058,6
E1499_480,0.0014972722648853,0.0032481304189923,0.0152003851219756,1.8815651734758685,0.0108668645145799,2.138267464955766,0.0178647988109076,6
E802_485,0.9384187422028624,0.00837086281669,0.0737139794782416,1.0693835019765323,0.0401034706435256,1.0987970255210615,1.1095438574208492,6
E3650_417,0.2321754371511116,0.0437103246428412,0.0009351806937853,1.815889705802096,0.415626522368883,1.4540860858989488,0.4707622249617055,6
E4936_444,0.0107817631476534,0.0046203826138227,0.0234828572477413,2.001858393958444,0.0011962057200956,2.4052106566472573,0.0362350092661828,6
E3071_444,0.0136308099966623,0.0325000072599703,0.0014696964970571,1.7926372491962164,0.0027908529788226,2.4047370279508256,0.0065065501092936,6
E1960_415,0.0062949495214888,0.0401954555726632,0.2092516594217767,1.9839840217606903,0.0414716658704203,2.089416930723005,0.0016359396437752,6
E2444_463,0.1393296346686949,0.0028028366003204,0.0726248624034606,1.8282125723628408,0.00084590915701,1.9795131038546063,0.0088662218709985,6
E1565_496,0.0002526321972908,0.0028888572648016,0.0267643220542645,2.0847558077922663,0.0621601101546524,1.783303901460808,0.0022532990278288,6
E3901_460,0.0059360138839867,0.0115348129258676,0.0056719520983041,1.6116104077508018,0.0127604994580437,2.2451136356922534,0.0186939529577428,6
E2764_468,0.0083784122306382,0.0183604164301922,0.0175694768844102,1.5402827174570275,0.0791995705567415,1.9675734410341008,0.1045653221441156,6
E3209_401,0.053782979308732,0.0291383101809914,0.014100395669533,1.68259818472763,0.0039880397010693,1.6875131265290664,0.0056933993766462,6
E4086_491,0.0628735769694958,0.0020791304788541,0.0022794888983889,2.367929049352037,0.028395775034166,1.6856721262843868,0.0182974393501148,6
E3997_411,0.0774635531634432,0.0091512219968001,0.5046106545760495,1.7986919896160387,0.0668510937999323,1.7041305083860714,0.1970070103838783,6
E1964_420,0.0475791339909286,0.0004016819335378,0.775675069671147,2.103248110275675,0.0045002193012628,1.865637017368587,0.0049952956999037,6
